:020000040000fa
:02000004007f7b
:04300000ffffffffd0
:020000040000fa
:02000004007f7b
:04301000dfffffffe0
:020000040000fa
:02000004007f7b
:04302000ffffffffb0
:020000040000fa
:02000004007f7b
:04303000ff7fffff20
:020000040000fa
:02000004007f7b
:04380000ffffffffc8
:020000040000fa
:02000004007f7b
:04381000dfffffffd8
:020000040000fa
:02000004007f7b
:04382000ffffffffa8
:020000040000fa
:02000004007f7b
:04383000ff7fffff18
:020000040000fa
:02000004007f7b
:04400000ffffffffc0
:020000040000fa
:02000004007f7b
:04400400ffffffffbc
:020000040000fa
:02000004007f7b
:04400800ffffffffb8
:020000040000fa
:02000004007f7b
:04401000ffffffffb0
:020000040000fa
:02000004007f7b
:04401400ffffffffac
:020000040000fa
:02000004007f7b
:04401800ffffffffa8
:020000040000fa
:02000004007f7b
:04402000ffffffffa0
:020000040000fa
:02000004007f7b
:04402400ffffffff9c
:020000040000fa
:02000004007f7b
:04402800ffffffff98
:020000040000fa
:02000004007f7b
:04403000ffffffff90
:020000040000fa
:02000004007f7b
:04403400ffffffff8c
:020000040000fa
:02000004007f7b
:04403800ffffffff88
:020000040000fa
:02000004007f7b
:04404000ffffffff80
:020000040000fa
:02000004007f7b
:04404400ffffffff7c
:020000040000fa
:02000004007f7b
:04404800ffffffff78
:020000040000fa
:02000004007f7b
:04405000ffffffff70
:020000040000fa
:02000004007f7b
:04405400ffffffff6c
:020000040000fa
:02000004007f7b
:04405800ffffffff68
:020000040000fa
:02000004007f7b
:04406000ffffffff60
:020000040000fa
:02000004007f7b
:04406400ffffffff5c
:020000040000fa
:02000004007f7b
:04406800ffffffff58
:020000040000fa
:02000004007f7b
:04407000ffffffff50
:020000040000fa
:02000004007f7b
:04407400ffffffff4c
:020000040000fa
:02000004007f7b
:04407800ffffffff48
:020000040000fa
:02000004007f7b
:04408000ffffffff40
:020000040000fa
:02000004007f7b
:04409000ffffffff30
:020000040000fa
:02000004007f7b
:0440a000ffffffff20
:020000040000fa
:02000004007f7b
:0440b000ffffffff10
:020000040000fa
:02000004007f7b
:0440c000ffffffff00
:020000040000fa
:02000004007f7b
:0440d000fffffffff0
:020000040000fa
:02000004007f7b
:04480000ffffffffb8
:020000040000fa
:02000004007f7b
:04480400ffffffffb4
:020000040000fa
:02000004007f7b
:04480800ffffffffb0
:020000040000fa
:02000004007f7b
:04481000ffffffffa8
:020000040000fa
:02000004007f7b
:04481400ffffffffa4
:020000040000fa
:02000004007f7b
:04481800ffffffffa0
:020000040000fa
:02000004007f7b
:04482000ffffffff98
:020000040000fa
:02000004007f7b
:04482400ffffffff94
:020000040000fa
:02000004007f7b
:04482800ffffffff90
:020000040000fa
:02000004007f7b
:04483000ffffffff88
:020000040000fa
:02000004007f7b
:04483400ffffffff84
:020000040000fa
:02000004007f7b
:04483800ffffffff80
:020000040000fa
:02000004007f7b
:04484000ffffffff78
:020000040000fa
:02000004007f7b
:04484400ffffffff74
:020000040000fa
:02000004007f7b
:04484800ffffffff70
:020000040000fa
:02000004007f7b
:04485000ffffffff68
:020000040000fa
:02000004007f7b
:04485400ffffffff64
:020000040000fa
:02000004007f7b
:04485800ffffffff60
:020000040000fa
:02000004007f7b
:04486000ffffffff58
:020000040000fa
:02000004007f7b
:04486400ffffffff54
:020000040000fa
:02000004007f7b
:04486800ffffffff50
:020000040000fa
:02000004007f7b
:04487000ffffffff48
:020000040000fa
:02000004007f7b
:04487400ffffffff44
:020000040000fa
:02000004007f7b
:04487800ffffffff40
:020000040000fa
:02000004007f7b
:04488000ffffffff38
:020000040000fa
:02000004007f7b
:04489000ffffffff28
:020000040000fa
:02000004007f7b
:0448a000ffffffff18
:020000040000fa
:02000004007f7b
:0448b000ffffffff08
:020000040000fa
:02000004007f7b
:0448c000fffffffff8
:020000040000fa
:02000004007f7b
:0448d000ffffffffe8
:020000040000fa
:0200000400807a
:04000000b4058000c3
:020000040000fa
:0200000400807a
:100004009c0b8000f8068000cc0a80001c0980004c
:10001400600a8000b0078000840980009c0b800087
:100024009c0b80009c0b80009c0b80009c0b800030
:100034009c0b80009c0b80009c0b80009c0b800020
:100044009c0b80009c0b80009c0b80009c0b800010
:100054009c0b80009c0b80009c0b80009c0b800000
:100064009c0b80009c0b80009c0b80009c0b8000f0
:100074009c0b80009c0b80009c0b80009c0b8000e0
:100084009c0b80009c0b80009c0b80009c0b8000d0
:100094009c0b80009c0b80009c0b80009c0b8000c0
:1000a4009c0b80009c0b80009c0b80009c0b8000b0
:1000b4009c0b80009c0b80009c0b80009c0b8000a0
:1000c4009c0b80009c0b80009c0b80009c0b800090
:1000d4009c0b80009c0b80009c0b80009c0b800080
:1000e400340b80009c0b80009c0b80009c0b8000d8
:1000f4009c0b80009c0b80009c0b80009c0b800060
:100104009c0b80009c0b80009c0b80009c0b80004f
:100114009c0b80009c0b80009c0b80009c0b80003f
:100124009c0b80009c0b80009c0b80009c0b80002f
:100134009c0b80009c0b80009c0b80009c0b80001f
:100144009c0b80009c0b80009c0b80009c0b80000f
:100154009c0b80009c0b80009c0b80009c0b8000ff
:100164009c0b80009c0b80009c0b80009c0b8000ef
:100174009c0b80009c0b80009c0b80009c0b8000df
:100184009c0b80009c0b80009c0b80009c0b8000cf
:100194009c0b80009c0b80009c0b80009c0b8000bf
:1001a4009c0b80009c0b80009c0b80009c0b8000af
:1001b4009c0b80009c0b80009c0b80009c0b80009f
:1001c4009c0b80009c0b80009c0b80009c0b80008f
:1001d4009c0b80009c0b80009c0b80009c0b80007f
:1001e4009c0b80009c0b80009c0b80009c0b80006f
:1001f4009c0b80009c0b80009c0b80009c0b80005f
:100204009c0b80009c0b80009c0b80009c0b80004e
:100214009c0b80009c0b80009c0b80009c0b80003e
:100224009c0b80009c0b80009c0b80009c0b80002e
:100234009c0b80009c0b80009c0b80009c0b80001e
:100244009c0b80009c0b80009c0b80009c0b80000e
:100254009c0b80009c0b80009c0b80009c0b8000fe
:100264009c0b80009c0b80009c0b80009c0b8000ee
:100274009c0b80009c0b80009c0b80009c0b8000de
:100284009c0b80009c0b80009c0b80009c0b8000ce
:100294009c0b80009c0b80009c0b80009c0b8000be
:1002a4009c0b80009c0b80009c0b80009c0b8000ae
:1002b4009c0b80009c0b80009c0b80009c0b80009e
:1002c4009c0b80009c0b80009c0b80009c0b80008e
:1002d4009c0b80009c0b80009c0b80009c0b80007e
:1002e4009c0b80009c0b80009c0b80009c0b80006e
:1002f4009c0b80009c0b80009c0b80009c0b80005e
:100304009c0b80009c0b80009c0b80009c0b80004d
:100314009c0b80009c0b80009c0b80009c0b80003d
:100324009c0b80009c0b80009c0b80009c0b80002d
:100334009c0b80009c0b80009c0b80009c0b80001d
:100344009c0b80009c0b80009c0b80009c0b80000d
:100354009c0b80009c0b80009c0b80009c0b8000fd
:100364009c0b80009c0b80009c0b80009c0b8000ed
:100374009c0b80009c0b80009c0b80009c0b8000dd
:100384009c0b80009c0b80009c0b80009c0b8000cd
:100394009c0b80009c0b80009c0b80009c0b8000bd
:1003a4009c0b80009c0b80009c0b80009c0b8000ad
:1003b4009c0b80009c0b80009c0b80009c0b80009d
:1003c4009c0b80009c0b80009c0b80009c0b80008d
:1003d4009c0b80009c0b80009c0b80009c0b80007d
:1003e4009c0b80009c0b80009c0b80009c0b80006d
:1003f4009c0b80009c0b80009c0b80009c0b80005d
:100404009c0b80009c0b80009c0b80009c0b80004c
:100414009c0b80009c0b80009c0b80009c0b80003c
:100424009c0b80009c0b80009c0b80009c0b80002c
:100434009c0b80009c0b80009c0b80009c0b80001c
:100444009c0b80009c0b80009c0b80009c0b80000c
:100454009c0b80009c0b80009c0b80009c0b8000fc
:100464009c0b80009c0b80009c0b80009c0b8000ec
:100474009c0b80009c0b80009c0b80009c0b8000dc
:100484009c0b80009c0b80009c0b80009c0b8000cc
:100494009c0b80009c0b80009c0b80009c0b8000bc
:1004a4009c0b80009c0b80009c0b80009c0b8000ac
:1004b4009c0b80009c0b80009c0b80009c0b80009c
:1004c4009c0b80009c0b80009c0b80009c0b80008c
:1004d4009c0b80009c0b80009c0b80009c0b80007c
:1004e4009c0b80009c0b80009c0b80009c0b80006c
:1004f4009c0b80009c0b80009c0b80009c0b80005c
:100504009c0b80009c0b80009c0b80009c0b80004b
:100514009c0b80009c0b80009c0b80009c0b80003b
:100524009c0b80009c0b80009c0b80009c0b80002b
:100534009c0b80009c0b80009c0b80009c0b80001b
:100544009c0b80009c0b80009c0b80009c0b80000b
:100554009c0b80009c0b80009c0b80009c0b8000fb
:100564009c0b80009c0b80009c0b80009c0b8000eb
:100574009c0b80009c0b80009c0b80009c0b8000db
:100584009c0b80009c0b80009c0b80009c0b8000cb
:100594009c0b80009c0b80009c0b80009c0b8000bb
:1005a4009c0b80009c0b80009c0b80009c0b8000ab
:020000040000fa
:0200000400807a
:1005b40001a706800500f08001ff13800500e0809c
:1005c4000100008085000080007600004e0000a637
:1005d400010000808500008021e801c225e801c2f5
:1005e40000010001910800940100008005000080d2
:1005f40000290000260000aac10800c225e801c0a5
:1006040021e801c05900009700010000f2cf2f90ab
:10061400a23d00d4003800006e0000a641d2128032
:10062400850000804a0000ae0100008005000080c3
:10063400003900004a0000a601001088820200d49c
:10064400420200d4223c00d4010000800500008056
:10065400003900002a0000a6020000de010000802c
:1006640005008080083900008a0000a6010000808f
:1006740005009080957700965177009682cc02df32
:10068400e23b00d402720000030000fa0172000091
:10069400900300008a0200aea16100000060b983eb
:1006a4000060c9833e00c0c54e0000a60e000ad6f5
:1006b400aa0100ae0e00c0c58e0000a61b76000085
:1006c40002000bd80d0ca088ea0000ae1e00c0c5c5
:1006d4000a0000a61b76000002000bd8086ca98350
:1006e40039740000c60399ed0260a9e54efdffa62a
:1006f40001720000810000bf02262226f01ff11fb4
:10070400f21ff31ff41ff51ff61ff71f0026102614
:100714002026302640265026602670260e720000c1
:10072400e3010080002000ff000030a21a0000e96d
:100734001e0000c56e0000a68d0700c00f000080db
:1007440082290cd4810700981a0000e91e0000c514
:100754006e0000a6810700c007000080a2280cd408
:10076400e3010080002000ff000020a21a0000e93d
:100774001e0000c56e0000a6890700c001000088a5
:1007840082270cd4e3010080002000ff002a00002f
:100794001a0000e91e0000c56e0000a6850700c00f
:1007a4000b00008062260cd4eaffffae810000bf7c
:1007b40002262226f01ff11ff21ff31ff41ff51f5c
:1007c400f61ff71f00261026202630264026502626
:1007d400602670260e720000fb010080002000ffde
:1007e400000050a21a0000e91e0000c56e0000a619
:1007f400e50700c143000080c2230cd4f30100804c
:10080400002000ff002a00001a0000e91e0000c5b5
:100814006e0000a6c50700c027000080a2220cd4e9
:10082400f3010080002000ff000040a21a0000e94c
:100834001e0000c56e0000a6c10700c13300008081
:1008440082210cd4c10700981a0000e91e0000c5db
:100854006e0000a6c10700c023000080a2200cd4b3
:10086400f3010080002000ff000020a21a0000e92c
:100874001e0000c56e0000a6c90700c02b00008042
:10088400821f0cd4fb010080002000ff000030a276
:100894001a0000e91e0000c56e0000a6ed0700c0a6
:1008a4003b000080621e0cd4fb010080002000ff8e
:1008b400000040a21a0000e91e0000c56e0000a658
:1008c400e10700c13f000080421d0cd4f301008009
:1008d400002000ff000050a21a0000e91e0000c51d
:1008e4006e0000a6c50700c137000080221c0cd48e
:1008f400f3010080002000ff000030a21a0000e98c
:100904001e0000c56e0000a6cd0700c02f000080a9
:10091400021b0cd4eaffffae810000bf0226222690
:10092400f01ff11ff21ff31ff41ff51ff61ff71f2f
:1009340000261026202630264026502660267026c3
:100944000e7200000d0700c01b00008022190cd499
:1009540000010372702e602e502e402e302e202e59
:10096400102e002e7f1d6f1d5f1d4f1d3f1d2f1d5f
:100974001f1d0f1d222e022e810000bd00720000db
:10098400810000bf02262226f01ff11ff21ff31f71
:10099400f41ff51ff61ff71f002610262026302609
:1009a40040265026602670260e7200000302008046
:1009b400002000ff000020a21a0000e91e0000c56c
:1009c4006e0000a6090800c04f00008022150cd458
:1009d400010800981a0000e91e0000c56e0000a678
:1009e400010800c04700008042140cd40f020080ac
:1009f400002000ff000070a2080000821e0000c555
:100a04006e0000a63d0800c15700008022130cd4dc
:100a140003020080002000ff000030a21a0000e959
:100a24001e0000c56e0000a60d0800c05300008023
:100a340002120cd403020080002000ff002a0000f0
:100a44001a0000e91e0000c56e0000a6050800c0db
:100a54004b000080e2100cd4eaffffae810000bf1f
:100a640002262226f01ff11ff21ff31ff41ff51fa9
:100a7400f61ff71f00261026202630264026502673
:100a8400602670260e72000022100cd4010700c1eb
:100a94001f000080e20e0cd400010372702e602e41
:100aa400502e402e302e202e102e002e7f1d6f1d16
:100ab4005f1d4f1d3f1d2f1d1f1d0f1d222e022eba
:100ac400810000bd00720000810000bf02262226c2
:100ad400f01ff11ff21ff31ff41ff51ff61ff71f7e
:100ae4000026102620263026402650266026702612
:100af4000e720000090700c017000080a20b0cd47e
:100b040000010372702e602e502e402e302e202ea7
:100b1400102e002e7f1d6f1d5f1d4f1d3f1d2f1dad
:100b24001f1d0f1d222e022e810000bd0072000029
:100b3400810000bf02262226f01ff11ff21ff31fbf
:100b4400f41ff51ff61ff71f002610262026302657
:100b540040265026602670260e72000091040490f0
:100b64000e0000d6610900c000010372702e602ed1
:100b7400502e402e302e202e102e002e7f1d6f1d45
:100b84005f1d4f1d3f1d2f1d1f1d0f1d222e022ee9
:100b9400810000bd00720000000002f2030000fab0
:100ba4002003000015ce01987f04e1f80e0010c563
:100bb4004e0000a685ce01af1dce01c351ce0190db
:100bc400023900002a0000a60004208301720000fc
:100bd400003900001e0500a6a36901940020558376
:100be400153900002a0100a6253900008a0400a650
:100bf400117401983f04e0f80e0000c5ae0100a690
:100c0400857401a71d7401c34a0100ae035c008012
:100c1400003900002e0000a6027200001170019835
:100c24003f04e0f80e0000c54e0000a6857001a741
:100c34001d7001c332030000120042e1210040b8dc
:100c4400aa0100ae09427088153900002e0200a6e0
:100c540009426088617001981f0010f81e0000c5e9
:100c64002e0000a661ff6fb8617001981f0010f894
:100c74001e0000c56e0200a6236502030172000077
:100c8400035d0080003900002efbffa60272000005
:100c9400eafaffae1b5d0080002060ff9f0116f89a
:100ca4001e0060c52e0000a641ff7fb8002000ff93
:100cb4001f0010f81e0000c5eafdffa6d1740190c4
:100cc4002a0000aed1700190080c10831376000046
:100cd4004afbffae02720172f81ff91f9003000075
:100ce400b36901a0090000880024f8ed0a0100a6f8
:100cf40000208883093900004a0100a6400208e167
:100d0400420100d400390000c60000a88a0000aee9
:100d140009000088a20000d40039000086feffa864
:100d2400f9e38f8f08039f1d8f1d01721003003993
:100d3400ae0000a6b3690180c36901840004018385
:100d44000900008801720000c3a90188f9e30f8f2c
:100d5400123d000066ffffaeb3690180eafeffaefc
:100d64004e72100a210a320a090000880004e08346
:100d740000010000c2f309d4004400000e0000c5c5
:100d84008effffa66a0100ae00010000a2f009d4a4
:100d9400004400000e0000c58effffa600200e8355
:100da4001204e0e182001ee1002001e1082000823b
:100db40002ed09d4300e00000024feed46feffaa29
:100dc40000200e8303720172020000ccf81ffa1f88
:100dd400fc1f0000010000800500a0802a200a39c1
:100de400aa0000a601000080050080800060c8837e
:100df4000e000cd6a1ffafb8cf1daf1d8f1d017221
:100e0400f81ffa1ffc1f0000010000800500a080ed
:100e14002a200a390affffa601000080050080800d
:100e24004afeffae0e720000c2002fe5d10d000095
:100e3400435b01800020008300200083221601d43c
:100e440003720172e2c300d422f900d4c2fe00d4ba
:100e5400e20201d4020701d4422e01d4aa2201ae37
:100e64000e720000c2002fe5d10d0000435b01802b
:100e74000020008300200083421401d40372017215
:100e84002afd00ae0e720000c2003fe5d20d000044
:100e9400e21401d4037201726afc00ae0e72000007
:100ea400c2002fe5d10d0000e21701d403720172d4
:100eb40082c000d402c900d4a2f500d442fb00d4fd
:100ec40062ff00d4820301d4621c01d4a22a01d49b
:100ed4000a1f01ae0e720000c2002fe5d10d000002
:100ee400221601d403720172c2be00d442c700d4d8
:100ef400e2f300d4c2fd00d4e20101d442f900d4eb
:100f0400a21a01d4e22801d44a1d01ae0e720000d7
:100f1400c2002fe5d10d0000621401d403720172e6
:100f240002bd00d442f200d422fc00d4420001d419
:100f3400a2f700d4622701d4ca1b01ae0e720000ce
:100f4400c2002fe5d10d0000e21201d40372017238
:100f5400aaf600ae0e720000c2002fe5d10d00000b
:100f6400c21201d403720172625f01d4c26101d45e
:100f7400e28e01d4429701d4e29e01d44aa101ae8b
:100f84000e720000c2002fe5d10d0000621101d4e1
:100f940003720172025e01d4a28d01d4029601d4bf
:100fa400a29d01d40aa001ae0e720000c2002fe57a
:100fb400d10d0000221001d403720172c25c01d46d
:100fc400628c01d4829c01d4e29e01d48a9401ae45
:100fd4000e720000c2002fe5d10d0000e20e01d414
:100fe400037201720a5e01ae100300000820208221
:100ff400107400000e0220c56affffa6327d9376ae
:101004004339000002ffffae09003088be0220c54c
:101014006a0000a6de0220c53e0000a61900308842
:1010240011741176090000884a0000aea9004088b6
:101034000415026500a021fd020322e59239000097
:1010440042ffffae033900001e0000a6007b0172c0
:10105400636501840a0000aef81f810321030000c8
:10106400123000f522e701d400390000c60000a8c0
:1010740073690180b9201088000401830900808805
:1010840008038f1d0172000009000088870080fd9d
:10109400970080fd33690180a70080fd0affffae41
:1010a400f81f00004369018c002073830900108835
:1010b400713d00006a0100a6270300000900408872
:1010c4000900608800208283130052fd803d0000e7
:1010d4002e0100a604390000aa0000a6170045fd51
:1010e400420012e101038f1d01722503aafeffae27
:1010f400000435834affffae820000ae01390000d0
:101104008a0200a6002081bd460200aa42030539d6
:10111400befeffa6013900004afeffa6130041fdf2
:10112400210300000060528350658539920000aeaf
:101134000004108302610000420405e5170004fd69
:101144004003713dae0000a6000434831203000086
:101154008afcffae640312038afdffae170064fd30
:101164004affffae00390000ca0200a6420020e593
:10117400436901940020158365030139ea0100a63f
:10118400f3ff40fd422031e1000170e1173d000012
:10119400ae0000a64174000000240183c00424e1d1
:1011a4000004528301720000c00051e1253d00009b
:1011b4004e0000a6c00414e1017200000004018383
:1011c40000046283017200001e72f81ff91ffa1fe7
:1011d400fb1ffc1f003900002e0000a61900008828
:1011e40030740000c9e38f8f806900000e0100a6ef
:1011f40073690180c9001088000401830900008814
:10120400cf1dbf1daf1d9f1d8f1d037201720000f6
:10121400a3450082003900004a0400a638390000c2
:10122400c20300ae5204f8e126feffae080300003c
:1012340062f3ffd44900b088003900000efeffa617
:10124400c002c8e1e36701a8d36701a400201a83a0
:10125400402009e5083d0000420100aaac09000055
:1012640082010fe5223f02d4003900008afcffa668
:1012740000200abd2a0000a600049083a10d0000ee
:101284004004a0e10020198301030b392a0000a6c1
:10129400081f0000000791e12afbffae4900808887
:1012a4004afcffae0900b088aafcffaef81ff91f84
:1012b400fa1f80039103010362f8ffd4a0030039ed
:1012c4002a0100a608390000ea0000a6f3ff28fd61
:1012d400293d000043c222f718030000220200d473
:1012e40008030000e2f3ffd40a03af1d9f1d8f1d06
:1012f400017200000900508812740000210020b817
:10130400020000cd48e1308215740000120041e56e
:1013140048e14482080034bd0affffa6037f447fee
:10132400046501720900308812740000210020b89d
:1013340001720000c8fc0183137400006affffae51
:10134400023900006a0000a630031276020002d8b7
:10135400080c318301720000f81f0000435b01a0f8
:101364000020188300201183c2e102d419001088e0
:1013740000390000aa0000a8002008830020108380
:10138400a9000088a22403d40800f1a3017b8f1dc7
:101394000172000053690184120410e50172000017
:1013a4005369018400200183d1f257809560228023
:1013b40002151074000410831023017201720000de
:1013c400635b018001720000a2b003d4535b01840b
:1013d40000041083335b0184000410830172000055
:1013e400f81ff91f80039103825a00d4190308617e
:1013f400e20600d408039f1d8f1d0172f81f8103ac
:10140400820000d40826f0ed2a0000a60900008816
:101414008f1d0172f81f8003117f01390a0300a692
:1014240020030203320032e90e0300a611101080db
:10143400050160806115720300604783000156f165
:10144400f1efef80f5e23780c00004e144790469ec
:10145400356155793569036b01080880850034804e
:1014640003690000ca0100a6020300000a6032e515
:101474009a0000a6337f313d6effffa63a0000ae0e
:10148400c25500d408618f1d017200000a6032e564
:101494009affffa6337f313d3efcffa63affffae25
:1014a400270300007afcffae1076117608a0208294
:1014b40008a03182080023bd4e0000a60e0020c5fe
:1014c4004effffa6227f037f800000e5017200002b
:1014d400f81f8003022503d408038f1d0172000046
:1014e4003189ff80f5e31380013d00002e0000a840
:1014f400027d00c5c9a22388800010e1320021e9e1
:1015040009000088203d00004e0200a6f151b88079
:10151400e581428040104495480152a04800f3a15f
:10152400236500004922008820150000400022e5c0
:101534001900008802390000ce0000a6480170a0fe
:101544000365000009c1308803151065123d0000d1
:101554001fc010f801720000f81f0000730060fd46
:10156400630010fd720086e1620071e151922480f3
:1015740095205180c0112597c00123e512223261c4
:10158400232200007900408834150000c00133e5af
:101594008365000000122597836518228361282241
:1015a4001665000019a32088800031e1c0106597fa
:1015b400c00027e51222276122222415c00022e55b
:1015c40022390000160000ae187408390e0400a673
:1015d400617400005192248095202180401022974c
:1015e400400023e512222361222200007900308882
:1015f40023150000400022e5590380884239000089
:101604002a0200a64903808852390000ce0100a6b0
:10161400530000fdf151b880e5812280001022952d
:10162400c80071a00800f2a11265000009c1208859
:10163400121501651076000022f5ffd459031088b5
:1016440000390000030281f708038f1d01720000b6
:10165400560380c58effffa6321710c15192248015
:101664009520218040102297400023e51222236117
:10167400222200007900308823150000400022e572
:10168400423900000afeffa632390000ce0000a64f
:10169400530000fd42f2ffd4190010880039000005
:1016a400430088f70afdffae19008088cafcffae2c
:1016b4008207f0c1f81ff91ffa1ffb1ffc1ffd1f53
:1016c400fe1fb003c1039203d30374090900808889
:1016d4008c3d0000860000aa0c3900000e0e00a606
:1016e400090080886a0000ae0a2009e5ee0000a621
:1016f400081eb0830803ef1ddf1dcf1dbf1daf1de6
:101704009f1d8f1d8207f0c5017200005e0200c597
:101714006a0000a6081eb083187419748afdffae0f
:101724001b00e9fcbe02e0c5aa0700a6120039e1cd
:10173400a9002088c2021fe503038309627600d44e
:10174400590d0000082029823e0012e40900a088f7
:10175400830d00006e0110c5660100ae117f00000c
:10176400910100804500a080840211ab1200a1e920
:101774008e0a00a65e0420c54a0000a6fe0420c509
:101784002e0000a619740000002029fd740d3d03ed
:1017940082021fe509a35f8f40010fe1a20900d473
:1017a400003900008a0800a60a3900006a0600a66b
:1017b4001003010308602182be0220c5ca0300a6eb
:1017c400de0220c58a0300a60e0320c56e0000a613
:1017d400030000944825f1edee0200a612003ae55c
:1017e40053002dfd00021be1be02e0c5ae0200a6bf
:1017f40036fa21c56e0200a81874000008041e837e
:10180400610d0000c00021e51274133d460000aed6
:101814001204f1e10e0300a619002088ca0200aeea
:10182400220039e14af8ffae933d00009fc210f850
:101834000a440000eaf9ffae82020fe5122400e533
:101844007afbffae49414c8f243d0000660000a89e
:1018540018740000dd0610882afdffae3a0300006c
:10186400eafcffae8c3d0000820000aac3000084a5
:10187400081eb1831874000041ff2fb8000318e557
:10188400620d123d120000aa6109620d10030000ee
:1018940000020be162d4ffd4600d8061daf3ffae85
:1018a4008c3d00002e0000a6187600000300008086
:1018b400081eb0834af1ffae0c3900006effffa68c
:1018c400eaf0ffae00390000eafaffa6a003000028
:1018d400aaf5ffaecf74f81ff91ffa1ffb1ffc1ff8
:1018e400fd1ffe1fa003b1037209e303520202e5c8
:1018f400560500c5263100ae002d00000000000092
:10190400020000d6ca2e00ae8a3000ae6a3000aea5
:101914004a3000ae2a3000ae0a3000aeea2f00aee4
:10192400ca2f00aeaa2f00ae8a2f00ae6a2f00aed7
:101934004a2f00ae2a2f00ae0a2f00aeea2e00aec8
:10194400ca2e00aeaa2e00ae8a2e00ae6a2e00aebb
:101954004a2e00ae2a2e00ae0a2e00aeea2d00aeac
:10196400ca2d00aeaa2d00ae8a2d00ae6a2d00ae9f
:101974004a2d00ae6a0a00ae4a0c00ae0a0d00ae53
:101984008a2c00aeaa2c00ae4a0700ae2a1100ae83
:101994004a1500ae6a1500ae0a2c00aeea2b00ae62
:1019a400ca2b00ae2a1700ae8a2b00ae6a2b00aefb
:1019b4004a2b00ae2a2b00ae4a1800ae6a1900aebc
:1019c4000a1a00ae4a1b00aeca1e00ae8a1c00ae44
:1019d4008a1f00ae6a2100ae4a2700aeea2900ae93
:1019e400ca2900aeaa2900ae8a2900ae6a2900ae2f
:1019f4004a2900ae2a0500ae6a0700aeea2700ae07
:101a04002a0a00aeaa0b00ae8a2800ae2a0d00ae48
:101a1400aa0600ae2a2800ae8a1200aeea2700ae5b
:101a2400ca2700aeca1200ae4a1300ae6a2700ae3f
:101a34008a1300ae2a2700ae0a0100ae6a1400ae73
:101a44008a1500ae2a1600ae8a2600ae4a1b00aee6
:101a5400aa2500aeca1b00ae8a1f00aeb1022080c8
:101a64000500008014038409e2de02d4840d000022
:101a74002a0000ae0b6301803e0320034922108834
:101a84000a03000042e1ffd40004b0830900108877
:101a9400003900004300aaf71a0800ae630003fdf2
:101aa400a36201a8010020800500108060390000b5
:101ab400420100ae0a030000022400d40004b083f3
:101ac400da0600ae630003fda36201a87100208062
:101ad4000500108060390000c6feffae01611403ea
:101ae40022db02d48a1f00ae430003fda36201a8d7
:101af400e100208005001080b0390000e2feffae56
:101b04008afdffae430003fda36201a8b0390000c3
:101b140006fdffaea101208005001080eafdffaea6
:101b2400530043fd4922208809003088c9a2038854
:101b3400090010880801f5a104611563a29803d473
:101b4400910380034a0000ae330083fd0802f9a12b
:101b540029000088f81ff91ff01f00009b63018013
:101b6400f01f0000492210880a030000a2ef02d4eb
:101b74000004b0830f7700001a0100aec200e3e155
:101b8400002cfe834b630180f01f00004922108863
:101b94000a03000062ee02d40004b0838f760a03c5
:101ba400ef1ddf1dcf1dbf1daf1d9f1d8f1dcf76e8
:101bb400017200005300c3fd0803fda18c039d03c3
:101bc400c27680c1020090c3730013fd2139000066
:101bd400020200a803038109e2cbffd4810d10396e
:101be4000a1a00a68c039d03b27680c1020090c33a
:101bf40049000088710d0000760610c5aefaffa6f4
:101c0400492220880900308808031903229503d447
:101c14006af9ffae861610c5aefeffa803030000e6
:101c2400a2c9ffd4103900002efeffa68c039d0329
:101c3400d27680c1020090c3aafdffae230083fdcb
:101c44004af8ffae230083fd0802f9a129000088a9
:101c54000839093bca1400a6c839093baef7ffa8e6
:101c6400c8760000020099e74af7ffaec37500008a
:101c7400122083e10802f9a139000088aaf6ffae18
:101c840003750000122083e10af6ffae130083fd02
:101c9400caf5ffae19000088000410832f6301a861
:101ca400daf7ffae230023fd7102208005000080d7
:101cb4006102208005001080b2390000038001f722
:101cc400daf0ffaecf6201806aedffae03030000dd
:101cd40022a601d4920e00008800f3a1000082e540
:101ce400400093e7190000884af3ffae0020838385
:101cf400caf2ffae1900008800041083376301a8fc
:101d0400daf4ffaee76201806aebffae630013fd15
:101d14001900008879008088090090880139000042
:101d24008af1ffa6810300000802f9a12af1ffae9f
:101d3400c20103e1722000e183750000002053e535
:101d4400519224809520218040112297400183e5ff
:101d54001822836128220000121088f58aefffae52
:101d6400c20103e1722000e183750000622033e1c7
:101d74005192248095202180c0104297c00015e51f
:101d840011221561212200007900408814150000f9
:101d9400c00011e50165000000102297000083e5f2
:101da4006afdffae0303000062bdffd480030000a0
:101db4000802f9a1caecffae630083fd0802f9a191
:101dc4000af9ffaea102208005000080aae4ffae5c
:101dd400530043fd4922208809003088c9a20388a2
:101de400090010880801f5a104611563228603d453
:101df4000039013b46eaffa8007b0000020011ef16
:101e0400eae9ffae530003fdc9a283880900908864
:101e14000800f1a18061916349000088f67082c5d1
:101e2400093b00006ee9ffa8f81ff91f5b630180fe
:101e3400f01f0000492210880a03000022d902d4ae
:101e44000004b083cf7600009aeaffae830003fd5e
:101e540000390000660000a80904b0883f6301a8a7
:101e6400dae9ffae930023fd513c2b80a5818480e9
:101e7400801008951261b1208800f0a1106500005f
:101e84000901078801150000800000e582dd01d406
:101e9400918888808540448000104495400110e179
:101ea4005120f0211065f11f910e0000401088951b
:101eb400400201e1b020f1210165f01f736301804c
:101ec4006afbffae830003fd003900004afcffa853
:101ed4000303000002ce01d4a0030000aadeffae7b
:101ee4001900008800041083436301a87ae5ffae5b
:101ef400c900808809009088cae2ffae8102208070
:101f040005000080eadaffae91022080050000801f
:101f14008adaffaeab620180eadaffae0900a0887c
:101f2400dae3ffae861610c502e8ffa80ae6ffaea4
:101f34008369019000204483aabbffae1003000014
:101f4400320021e90e0200a6410300000060348340
:101f5400f1efef80f5e227802361337923690000f4
:101f6400010808808500348023690000aa0100a6c6
:101f7400120021e10300008cc824f1edca0000a680
:101f8400120300004affffae120021e10300008c9f
:101f9400c824f1ed3e0000a6400000e501721203e2
:101fa400eafcffae14030000eafcffae090030882f
:101fb400233d00003a0100a611760000086030823b
:101fc40008a041820e0030c56a0000a60e0040c57c
:101fd4002a0000a6610020b8337f447f34650303e0
:101fe40001720000080034bd8afeffa64affffae5e
:101ff400f81f8003c2cf02d408038f1d01720000b2
:102004004243f0c1f81ff91ffa1ffb1ffc1ffd1ffd
:10201400fe1fd003c1030000c600efe57f7200007d
:10202400090ce0880202e0c50900908848e20c82ad
:102034000e0000c50a0e00a648e21d820e0010c55f
:102044004e0000a60900a088ca1300ae5f0470f811
:1020540021241e61f20130e919002088840032ad88
:10206400802411eb1974007f49c31d8f1f61202444
:1020740001610000000409838afdffaec0005ce139
:1020840008e0658288e05c82080065bd4e0a00a60f
:10209400013d00004e0000a6190000882a0000ae91
:1020a4001074240342030000000024e1293d0000d1
:1020b40046feffaa19008088080300000900408832
:1020c400f9e3bf8f000024e1293d0000e60900aade
:1020d40012002be1120003e1203d0000c3c2b3f75c
:1020e400203d000003c281f712003be100021ce125
:1020f40023030c0383090000c28fffd4830d00392e
:10210400ca0a00a6120089e58b658b3d03228bf772
:102114001874000009004088ad03000009005088cd
:1021240040030ae5093d0000020200aaf9032088e1
:10213400400262eb26030000090010880d038309a6
:10214400640955097609000042ae02d4830d640d7a
:10215400550d760d003900004a0800a600001ae566
:10216400193d0000e6f6ffaad003000040027ae120
:10217400fbff67fc5f0476f821241e61f20126e967
:1021840019000088040022ad802001e9ea0600a6b7
:10219400067f000049c36d8f6f6120240661000033
:1021a400402210e5010301394a0600a60439000063
:1021b400aa0000a6053900006a0000a6813d0000bf
:1021c400220000ae400208e5a0610000090000887a
:1021d400500300004afaffae420000ae800013e54f
:1021e400aaf5ffae120024e13403000019001088a0
:1021f400010300006af5ffae190010880103000016
:1022040009004088f9e33f8feaf4ffaec0025ce1c5
:1022140008e0658288e05c82080065bdee0000a6e7
:10222400083d00004e0000a6190000882a0000aef8
:1022340010742403420300004af4ffae420000aad3
:1022440080008be50affffae120024e1b403000016
:102254001900808808030000cafeffae400248e56a
:10226400aaf5ffaed66100000af8ffaea70300008e
:10227400eafaffae353d0000c32015f748e02c8292
:102284000e0020c5ea0000a648e06a82080026bdc8
:102294004a0000a61b65a161aaf9ffae11740000f3
:1022a400cafeffae13030000c00005e51074533de1
:1022b400460000ae1204f5e12e0000a619000088c5
:1022c400b10000b80a03ef1ddf1dcf1dbf1daf1df8
:1022d4009f1d8f1d4243f0c50172117648e02c8288
:1022e40048e05a82080025bdaafeffa6a86104039f
:1022f400eaf6ffaef81ff91f200381030a2011e557
:10230400da0a00a6117d00008287ffd42003003979
:102314005a0a00a61b0038fc0e0030c5fa0900a6b4
:102324001b0010fc0e0010c5ea0900a62b0058fc87
:102334000e0050c50e0200a6002008ff8024337f43
:10234400306a0000006002ff8024117f106a0000e0
:10235400030000800824f2ed6a0800a6313c000066
:102364004e0000a6127600009a0700ae400081a439
:1023740000a002ffaafeffae2b0040fc0e0040c5e9
:102384002a0700a63b0078fc0e0070c58e0200a64a
:10239400002008ff8025337f0325306b557f85247b
:1023a400536b0000002002ff8025117f0125106b74
:1023b400447f8424146b2274030000800824f2ed0b
:1023c4002a0500a6513d00004e0000a6227600001a
:1023d4005a0400ae00a002ff106b8124cafeffaeb7
:1023e4003b0060fc0e0060c5ea0300a64b0098fcad
:1023f4000e0090c5ee0200a6002008ff8025777f1e
:10240400076b337f0325306b557f8524356b0000c4
:10241400002002ff8025667f066b117f0125106b6b
:10242400447f8424146b3274030000800824f2ed8a
:10243400aa0100a6313d00004e0000a6327600003d
:10244400da0000ae8124000000a002ff106b00003f
:10245400aafeffae1803000022ddffd4200302030e
:102464009f1d8f1d01720000090020887affffaeb6
:10247400ae73f81ff91ffa1f80039103a203000033
:1024840046030fe59f730000090c0088820600c50f
:1024940058082809f9e33f8f33090000061022f594
:1024a400e29b02d4190020881a03000046030fe5ba
:1024b400a21202d409390000ea0000a6220d540c2d
:1024c4002465940da50d00008800f3a1800004e1ab
:1024d400c00015e3000498e1af1d9f1d8f1d03721a
:1024e400017200000900208822fcffd44a4003ae98
:1024f40019002088c2fbffd4ea3f03ae29002088dc
:102504006afbffaef81ff91ffa1f8003a103000046
:10251400636901a4003900004e0000a6022089e589
:102524000a0100a61a03080322b202d48061000043
:10253400030000800824f8ed9e0000a6090490889a
:10254400090080880803af1d9f1d8f1d01721a03a7
:102554000803000022ab02d4086100000004908349
:10256400030000844824f0ed6a0000a6120490e100
:102574000d0400886afeffae090490882afeffaeaf
:10258400ce73f81ff91ffa1f80039103a203000002
:10259400090000882008080938080000f9e33f8f83
:1025a40013090000061022f5c6030fe5b409c50996
:1025b400629302d4b40dc50d190020881a030000db
:1025c400c6030fe5e25202d409390000aa0000a6ae
:1025d400720d000006003fe5802023e1330c2365e3
:1025e400800498e1af1d9f1d8f1d037201720000ce
:1025f400f9e34f8ff9e35f8f2afcffae09004088af
:102604000100008005005480aafbffaef9e34f8f60
:10261400090050884afbffae010000800500448099
:1026240009005088cafaffae8afeffae0afeffae6a
:10263400160010e5960110c5260000ae020200eb5c
:10264400017200004affffaebe7341031203000093
:1026540086012fe54f730000090c2088420520c530
:10266400f9e32f8f5208000029802088620800397e
:102674002e0000a642000fe5700884080900508867
:10268400453d00002a0000a6120054e595080439cf
:10269400a60000a873690180b92010880004018392
:1026a400f9e30f8f037201722a0000a60d0400885b
:1026b400b008a00823030000c6020fe522ad02d42f
:1026c4000affffae1e72f81ff91ffa1ffb1ffc1f43
:1026d400a0038103130011fd230098fd002008834b
:1026e400a00900003300c8fd00a03283221d0000b1
:1026f400c800fba3aa0600a6227b0000020033ef59
:1027040001390000ca0000a81040a0090b390000dc
:102714006e0000a6a00d0000420010e92a0400a6e5
:10272400120019e582015fe5a90040880803000052
:10273400e2aa02d40b3900006e0000a6a10d00002d
:10274400420021e96a0300a610760000b700008465
:10275400af0000880b3900008b00b1f6081ccb8356
:10276400020118e1122021e52065000000001ce1af
:10277400a40d39030a030000426d00d413001afdae
:10278400021010c96a0000a6130018fd013d0000e4
:1027940043a000f7cf1dbf1daf1d9f1d8f1d0372ea
:1027a40001720000820000e9aefbffa619030000dd
:1027b4008afbffae820011e92afdffa61076000015
:1027c40083000084081cc183aafcffae0139000009
:1027d400a6f9ffa8eaf9ffae8203f0c1f81ff91fba
:1027e400fa1ffb1ffc1ffd1ffe1f80269026a0263c
:1027f400b026c026d026e026f02600271027300871
:10280400910800004ff9f3fd0020d183130031fd3e
:10281400230051fda5080000430011fd2108910c7f
:10282400330091fd0060a2840040b28466010087f9
:102834000a05008b020100b842000de96e0500a6ee
:102844008200cde96a0500a60d069088a50c00005b
:102854001200e5e5aa0000ae06a01489b7000080c6
:1028640008049083a20c00001200e2e51900c0885d
:10287400000349e18408000002a00889a601048736
:102884000a22008b020400b54bf95ffc057d0000b1
:10289400160000e5960100c5060300aef367018447
:1028a400040300004261ffd40368018062b4ffd4d2
:1028b400000320e14d03a30c1903300c226300d460
:1028c400102f002ff02ee02ed02ec02eb02ea02ed2
:1028d400902e802eef1ddf1dcf1dbf1daf1d9f1d30
:1028e4008f1d00008203f0c501720000af0000805c
:1028f4006afbffaeae0c0000aafbffae03680184c6
:10290400800c0000eafcffae0aa5008b620100bc4b
:102914004bf91ffc017d0000160000e513680184db
:10292400960100c5220000ae23680184800c0000db
:10293400e25cffd4236801808afbffae0600208797
:1029440016001887090080880a05008b420200b22d
:102954004bf92ffc027db308a2e6ffd48ff9f0fdfa
:10296400b30c03398a1f00a87e0600c50e0400a616
:10297400033900008a1e00a64204f8e14a0000a8b8
:10298400833d00008a1d00a8970100a8aa0400ae98
:102994001874000002001887060601850aa0008b3f
:1029a40062ffffba09000088ca0100ae49611f8fa7
:1029b400813d0000260100a800390000ee0000a6b9
:1029c400010000820500008201000082550312828a
:1029d4000605148506061885190000880a06198557
:1029e400187600000ac5008b02feffb80afbffae92
:1029f4000800a082137400006e06a0c52e0100a674
:102a040008390000460000a81600188709008088cd
:102a14008bf95ffc7e0650c52a0000a638610000d1
:102a24009b0100a802c0108702a01c871200b3e11a
:102a3400190010880339000043a0bbf7e103b0b8c4
:102a4400010000820500008201004082150012820c
:102a5400060410850a87008ba20000b80a87008b41
:102a6400820000b2740c00001200b4e92e0000a62b
:102a74006601108702851081060615850a85008b7c
:102a8400420300b4187400006e06a0c50e0300a62d
:102a940013744808bc03000009000088090050882a
:102aa4007508000009002088120013e1190040880d
:102ab4000339000003a111f78a0900ae0a870085d3
:102ac400b3080000c22c03d4020004875220048ff0
:102ad40071fe2f860604008506e01c8106e01c8931
:102ae4000a041185b30c00008afaffae02c01487f1
:102af400090000885e06a0c5030008f7400800002e
:102b04008afcffae740c04391e0100a6450c0000bb
:102b1400400142e504390000960000a81b741e76ab
:102b2400bb000090881d94831900408874085b03df
:102b3400c00279e140030000120060e14a0000aee7
:102b44000d0f708814760000a1ff6fb812006ee5b7
:102b54008001e0e51b74b061596100000a0333e0b1
:102b6400081c53838a0300ae940c0000020134e174
:102b7400522033e53b3d0000c20300ae0aa40085a9
:102b8400c008e108b208d608a22603d402000487cc
:102b94005220048f250600009900308895390000e2
:102ba400c38035f702014de9456bc00ce10cb20c52
:102bb400d60c00006efaffa68bf94ffc7e0640c5ca
:102bc4000efaffa6450c0000400142e5043900005e
:102bd400d6faffa8120040e10605008506801081a0
:102be400068010890a051585127404036b0300001e
:102bf400a1fb1fb8750c0539ae0000a602010de952
:102c04006a0000a61b740000bb000080881d90832e
:102c1400c00209e10300008c080403835e06a0c51a
:102c24002e0400a6220c0000120012e5481c938317
:102c340009006088863d0000460000a8887b0000eb
:102c44001900608809003088800353e5120041e5cb
:102c540008390000ee0400a6200073fba20400a8bb
:102c6400b7000088af00008c06390000cb0062f684
:102c7400081d9683220031e54bf94ffc247d0000aa
:102c8400160022e517010084960120c58bc2a1f627
:102c9400c00019e108041a832200e5e5b33d0000f1
:102ca400260000a84241ffd432000de9203900007b
:102cb4007e0100a60e3900003e0100a809030000b1
:102cc400c293ffd4c03d0000ee0200a82e03000012
:102cd40009031088800c00002233ffd409002088e7
:102ce400a2080903a292ffd44d03a30c2003000001
:102cf4002adeffae140300007166668065224380fd
:102d040000124495252000000802f4a15465000037
:102d1400a9004088451584650a0388e0481c988307
:102d2400850313740af9ffae800319e108fc1983c3
:102d3400107600006afcffae0839000006e7ffa821
:102d44009b0100a86ae5ffae190030884ae1ffae96
:102d5400690030880ae1ffae8bf94ffc7e0640c55e
:102d64006affffa60800a082690030882ae4ffae4b
:102d74001e72f81ff91ffa1ffb1fa0038103000036
:102d8400130011fd2300b8fd00200883b0090000e2
:102d9400330098fd013900002a0000a81040b00952
:102da40000a03283221d000042015fe589004088b3
:102db4001b030803c27602d4b10d0000020111e91d
:102dc4006a0000a610760000c3000084081c9183ea
:102dd400b10d0000820011e96a0000a6107600001f
:102de40083000084081c9183020118e1122021e56c
:102df40020650000000019e1b40d3b030a03000044
:102e0400023900d413001afd021010c96a0000a68a
:102e1400130018fd013d000043a000f7bf1daf1dc6
:102e24009f1d8f1d03720172cf74f81ff91ffa1fc3
:102e3400fb1ffe1f9003e2030303000081e25680a0
:102e44007560238092090000b3a5008847fff2fc57
:102e540003000088affef2fd130081fd2300a1fdf5
:102e64000020b1830e3900002e0000a6c201efe558
:102e7400003900004e0000a60e030000e285ffd4d6
:102e8400083900004a0000a8083d000003c200f70a
:102e94004b033a0320031e0309030000223400d429
:102ea400ef1dbf1daf1d9f1d8f1dcf76017200004a
:102eb4001e72f81ff91ffa1ffb1fa00381030000f5
:102ec400130001fd2300b1fd00203183b30900008c
:102ed400330091fd003900002a0000a81340b30913
:102ee40000a03283221d000042015fe5a900408852
:102ef4001b030803c26c02d4020118e1122021e56d
:102f040020650000000019e1b40d3b030a03000032
:102f1400823000d413001afd021010c96a0000a602
:102f2400130018fd013d000043a000f7bf1daf1db5
:102f34009f1d8f1d03720172c202f0c1f81ff91f99
:102f4400fa1ffb1ffc1ffd1ffe1fb003a103020994
:102f5400cffbf3fd130041fd230051fd0020c1838d
:102f6400330091fd043900006a0700a81c400000ea
:102f740002011ce98109060d0060268300403683a6
:102f8400ea0600a60239033baa0600a62200d5e5fc
:102f940082007ce9170900002a0000a61d760000c3
:102fa40002010ae1122080e503000080081e9083dc
:102fb4001403000019000088083900000382e0f7b8
:102fc4006105e0b8870d07396a0100a6020d00000b
:102fd40000600283004012830039013bca0000a64e
:102fe400000209e1cbfb6ffcffff06fd2876000021
:102ff400c3000080081e9083170d07396a0000a6dd
:103004001876000083000080081e908302010ae104
:10301400122020e528650000000219e14c03350365
:103024000b030000e22700d413001bfd021010c99b
:103034006a0000a613001afd013d000043a000f73a
:10304400ef1ddf1dcf1dbf1daf1d9f1d8f1d000078
:10305400c202f0c501720000190040888af8ffae70
:10306400d50300004af9ffae760100e1ca0100aec3
:103074000239033bee0000a601390000a20000a8bb
:10308400400304e501610000cef9ffa822000ce929
:103094008af9ffa618760000f20002e990390000d0
:1030a40022feffa8020300e1cbfb7ffc677d00004a
:1030b400160076e5960170c5860100ae7003000027
:1030c400020277eb160277e5960170c5e60000aec2
:1030d400210932094309540965090000625b02d4dd
:1030e400650d540d430d320d210d0000081e908313
:1030f40011760000880046a2c70047e02603370384
:10310400eaf5ffae1e72f81f8003e20982002fe584
:10311400a22900d4130018fd020111e9f9e32f8f4d
:1031240001390000030002f78f1d037201720000d1
:103134008e72410312030000c2002fe51f720000cb
:10314400090c208882760000f9e32f8f82090000a1
:1031540029802088920900392e0000a642000fe53c
:10316400a009b40909005088453d00002a0000a6c2
:10317400120054e5c5090439a60000a8736901804a
:10318400b920108800040183f9e30f8f03720172e0
:103194000d040088e009d0092303000002020fe5b2
:1031a40002fbffd42affffae32032103f1ffff80ad
:1031b400f5e31380cafbffae6afb00aeae730000fa
:1031c40086023fe59f730000090c3088820630c5f3
:1031d40080084009f3c6008270090303225e02d40a
:1031e4000372017200200083aadbfeaef81ff91ff0
:1031f40080030000130030fd43030000021040c9a7
:103204002a0200a6430090fd923d000083c099f776
:10321400093900004a0100a629030000530000fdfb
:103224000208ffd4420108e1402200e1570080fd7a
:10323400430018fd400099e5470089fd0d0400880e
:103244009f1d8f1d01720000020133e98effffa64e
:10325400c2c802d44affffaef81f800309000088e9
:10326400060810c56a0100a8160810c54e0100a87a
:10327400360810c5ee0000a600200283820420e573
:10328400e1ff0084f1ff1084000c08860008188612
:10329400190000888f1d017200200283420420e57a
:1032a400f1ff0084e2cc02d4000c088600081886e2
:1032b400eafeffae860810c58a0600a6a20200a890
:1032c400160810c50a0a00a6620000a8060810c560
:1032d400aa0900a6020000cd260810c5ea0600a629
:1032e400460810c56effffa600204383420014e584
:1032f400f3ff44fd0004318302390000aa0300a651
:10330400447c00000801f5a1041f000000080583a7
:10331400120000cd060a10c56a0600a6a20100a884
:10332400060910c56efdffa60020138381760000f8
:10333400006041830040518300043183041f000076
:10334400000805831900008802390000aa0500a6b8
:1033540001720000060c10c54a0000a6060f10c535
:103364008efbffa6422433e500201383123021f59f
:103374002a0400aef1ff0f80050020800900308888
:10338400000d02e9400903e92afcffae0020438353
:10339400420014e5f3ff44fd0004318302390000c8
:1033a4006a0000a6447d00000801f5a1cafaffae38
:1033b400f9632088090030882afeffae00201383b9
:1033c4008176000000604183004051830004318312
:1033d400041f00000008058319000088023900005a
:1033e4001a0000a60172017200201383420431e521
:1033f400f3ff21fd8800f3a1021f000000080383ee
:103404006af8ffae0172000000204383420014e515
:1034140000043183023900008afaffa6f3ff24fd79
:103424008afeffae460810c5ea0200a6820100a883
:10343400160810c58a0000a6260810c5ca0300a6ef
:10344400060810c56e0100a600201383420431e56e
:10345400f3ff11fd0004018300041283ea0100aeae
:10346400060910c58a0200a6620000a8860810c5d5
:103474006a0100a6020000cd060a10c54afeffa696
:10348400060c10c5eafdffae00201383420431e5ab
:10349400f3ff11fd0004018300041282120000cd29
:1034a40000201383420431e5f3ff11fd000401837e
:1034b400080412832affffae00201383420431e57f
:1034c400f3ff11fd000401838800f3a1121f000023
:1034d400000813832afeffaef81ff91f90030000b3
:1034e400430080fd823d000083c088f70839000056
:1034f4004a0100a628030000530000fd22f1fed477
:10350400420109e1002200e1570090fd430019fd4a
:10351400400088e5470098fd0d0400889f1d8f1d1d
:10352400017200004f75f81ff91ffa1ffb1ffc1fe3
:10353400fd1ffe1fa003c103820393031200b4e91d
:103544004e0000a6323d0000660100ae28031c03b5
:103554000a030000a2e4ffd4983d0000c60000aeb8
:1035640098030903ef1ddf1dcf1dbf1daf1d9f1d58
:103574008f1d4f77017200004002d8e509012088b1
:103584000601d0c583c02df709021088c2020fe5d9
:1035940062edfed448034ea21e7400008101e0b81f
:1035a400480342a209e30f8f20152d61c2021fe5d3
:1035b4000a030000a2e1ffd40b3900001efdffa6a0
:1035c40028031c030a03000002e1ffd49afcffaea7
:1035d40009012088c2021fe50a03000062e0ffd44b
:1035e400cafdffae020000cd020000cd020000cdf6
:1035f40003000088127f0000b366018c1161000093
:1036040048e053820e0050c58e0000a613610000ee
:103614001b0021fc0800028201720000002040838c
:10362400082054bdce0000a6136100001b0021fc3d
:10363400120404e1ae0020c5c2fdffaeaafeffae37
:103644001a0022e06affffae0a0a00d4f81ff91f2d
:10365400fa1ffb1ffc1ffd1fb003a203910900000a
:103664000900c088910d0000030000800824f1edda
:10367400ca1900a60900008820090000f9e32f8f69
:103684003209400989a00f8f0f6150090940008851
:10369400600900000900808808e201820e0000c56c
:1036a4004a0000a65e0200c5ee0300a60839000029
:1036b4008a0000a628030b0382d9ffd4c2011fe5a8
:1036c400002611e19d0d0000970000800824fded07
:1036d400fe1500a61d749d09900d0000082010829f
:1036e400be0210c50a0300a6020400a80e0210c5fb
:1036f4000a0300a63e0210c52a0300a6ae0210c5a6
:103704002a0400a602c7fed44009910d002001fd41
:10371400020300e590390000b60400aec2012fe5b3
:10372400120421e11affffae187400004afbffae39
:10373400210d0000120011eb21090000c2012fe548
:10374400120420e18afcffae210d0000420011ebbf
:103754002affffae210d0000820011ebcafeffae6e
:10376400210d0000020111eb6afeffaede0210c55e
:10377400eafdffa60e0310c50efcffa6210d0000f6
:10378400220011eb8afdffaec2011fe5120410e115
:1037940000200a834204a0e5f3ff00fd400900393c
:1037a400760000a8210d0000120011f12109007b10
:1037b4004009200d120010e92a0000a6104020093b
:1037c400910d0000bb0000888824f1edae0100a635
:1037d4000900008830090000120001e1900900008e
:1037e4001b0021fcae0220c5ae0300a6c2012fe5da
:1037f400220421e100200a834204a0e5f3ff00fd36
:1038040030090000c2010fe522efffd408009082c6
:10381400900d0000002000fda270ffd4960600c5a4
:10382400da0c00a6220500a8360600c5aa1500a6d3
:10383400820200a8560200c52a1700a6160600c573
:10384400ca0800a69d090000090000882009400953
:10385400f9e30f8f30090000061034f5ca1600aee4
:1038640022bcfed43009910d002001fd020300e5c5
:103874009039000066fcffaec2012fe5120421e17d
:103884001affffae460600c59a0900a6760600c5d3
:1038940082fdffa8197f2a0342020fe5c2cdffd49f
:1038a40000390000ea1400a6900d0000c2011fe5d3
:1038b400120410e10820308242022fe582031fe542
:1038c4000b0300008278ffd42a0600ae060700c569
:1038d4008a0c00a6220200a8e60600c50a0f00a66c
:1038e400f60600c5eefaffa6197f3a030900208800
:1038f40042020fe5e2cdffd4003900002a1200a6ef
:10390400c2011fe5122411e142022fe582031fe5e3
:103914000b030000c2a2ffd4aa0300ae560700c5e1
:103924008a0600a6860700c5ea0700a6360700c572
:103934008ef8ffa603020080080090bd2e1000a69a
:10394400c2012fe5122422e100200a834204a0e5eb
:10395400f3ff20fd09003088aa0d00ae197f2a0369
:1039640042020fe582c7ffd400390000aa0e00a668
:10397400900d0000c2011fe5120410e108203082fe
:1039840042022fe582031fe50b030000623d02d4cf
:1039940080618c61c83d0000ae0d00a87369018090
:1039a400b920108800040183f9e3cf8f0c03df1dd5
:1039b400cf1dbf1daf1d9f1d8f1d03720172197f87
:1039c4003a0300001900208842020fe522c7ffd401
:1039d400003900006a0b00a6c2010fe5122400e1c1
:1039e40042022fe582031fe50b030000a266ffd409
:1039f400eafcffae197f3a030900208842020fe572
:103a040082c5ffd400390000ca0900a6c2012fe50f
:103a1400122422e142022fe582031fe50b0300007a
:103a240062a4ffd44afbffae197f3a030900208841
:103a340042020fe5e2c3ffd4003900002a0800a6c1
:103a4400900d0000c2011fe5120410e1082030822d
:103a540042022fe582031fe50b030000c2a6ffd438
:103a64006af9ffae3a030000090020880963108850
:103a740042020fe5e2c1ffd4003900002a0600a685
:103a8400c2010fe5122400e1700d810d0039013be4
:103a94002e0100a62d0d490d93660180e224ffd46a
:103aa4004d03390320030000936601840b030000d7
:103ab40082d3ffd4caf6ffaee301008c8afcffaeca
:103ac40000022ce1197f3a0342020fe5a2caffd497
:103ad400003900006a0300a6c2012fe5122422e186
:103ae4007af5ffae03020080080090bdae0200a686
:103af400c2010fe5122400e100200a834204a0e57c
:103b0400cbff00fccffdf0fd1900308842022fe509
:103b140082031fe50b0300006298ffd48af3ffae13
:103b240003020080080090bdce0000a6c2011fe57c
:103b3400122411e1240d430d19002088ab66018481
:103b44004afbffaec2011fe5122411e11af2ffaed7
:103b5400c80300006ad8ffae1e72f81ff91f910354
:103b640012030000330082fd23030000a22202d4ca
:103b74001204f0e14a0100a6a9002088c2001fe552
:103b840008030000a253ffd4901f00000008918393
:103b9400e9e30f8f19001088d20d283d030001f7c7
:103ba4009f1d8f1d037201728202f0c1f81ff91f5d
:103bb400fa1ffb1ffc1ffd1ffe1fc0032109830307
:103bc4002300a2fd430092fd330022fd7209000090
:103bd400a24a00d4002488e1120009e50a39000051
:103be4001e0000a6a003a03d03800af74009720d41
:103bf4001200a2e5090090880900308863090000da
:103c040009001088810900000900d0880900208873
:103c1400320900001200e0e119000088430d033965
:103c240003a0eef7590900002100e0b8ca0200ae73
:103c3400f3000cfd33011cfd013d0000220400aa29
:103c4400c2031ce1120410e10020b0ff830d03390c
:103c5400ee0500a6b602b0c54a0000a6d602b0c55d
:103c64006e0500a6093900006a0400a6d93d0000cb
:103c74002a0400a633010cfd003900004a0000a606
:103c8400c2030ce1122400e503000080720d530d01
:103c9400c81c208306001fe502030000e242ffd493
:103ca400210d0000000c018600081186e9e31f8f36
:103cb40019000088020d730d233d00004300b0f786
:103cc400ea0000ae0c030000e2dc01d4b003000003
:103cd4001204f0e1aefbffa6520d023942fdffa82b
:103ce4000b03ef1ddf1dcf1dbf1daf1d9f1d8f1dbe
:103cf4008202f0c5017200001f00abfd122488e1ae
:103d040019001088810919741a740000aaf8ffae0a
:103d1400320d02392e0100a6e602b0c5ee0000a65f
:103d24000d3900006efaffa61f00abfd122488e1d6
:103d340019003088330900005afeffae0d39000027
:103d44002e0200a6610d0b03013900006a0100a6d2
:103d5400e246ffd409232088023d00001fc010f86a
:103d64000e0000c58a0c00a61f00abfd122488e1da
:103d74008d0900001200d9e15afcffae8245ffd440
:103d8400592220888afeffae610d01392a0400a65b
:103d94000b030000e2c301d409002088023d0000a7
:103da4001fc010f80e0000c50a0a00a633010cfd5e
:103db400003900004a0000a6c2030ce1122400e509
:103dc400820d923d0ef6ffa60369018000090000f2
:103dd400290000883900108809390000030001f720
:103de400430d303d0ef5ffa8136901801009000052
:103df4000900a088f9e3bf8f4900d088800239e127
:103e0400830900004101d0b839745909322488e18a
:103e1400aaf3ffae02030be599002088023d0000df
:103e240007000080260000ae03000080aafbffae5e
:103e3400f3000cfd33011cfd013d0000820200aac9
:103e4400c2032ce1120420e10020e0ff0e030b3931
:103e5400a60200a8c23effd4e0030000960600c5f7
:103e6400ca0300a6e60600c5ca0300a6810d1176a2
:103e74008109913d82f0ffa833010cfd0039000057
:103e84004affffa6c2030ce1122400e5eafeffaede
:103e94000c03000082ce01d4e00300001204f0e120
:103ea4004efdffa60aefffae223cffd406001fe53d
:103eb400c80223a431610000802223e1002022fdf6
:103ec400023d00002efdffa6720d0000400202e13b
:103ed400881e0e831a7400000af9ffae0900b08828
:103ee4002affffae1900b088eafeffae1f00abfd4b
:103ef400122488e17af0ffae810d0000120001e186
:103f0400093d00000ef4ffa60b0300000239ffd4a4
:103f1400860700c58ef3ffa6c30000888824faed47
:103f24002ef3ffa61f00abfd122488e11900308890
:103f3400630900007aeeffae4f75f81ff91ffa1ff0
:103f4400fb1ffc1ffd1ffe1f80036109c30300004c
:103f5400230012fd81090000430012fd71090000d5
:103f64003300b2fd022e00d40024cce1820d0239cc
:103f74004e0000a6710d117681090000a900e088a9
:103f84000900d0880900a088820da23d460b00a834
:103f9400710d0000120001e50a3d0000ce0a00a8e0
:103fa400f30008fd330128fd023d0000c20100aa10
:103fb400c20348e1120440e1002090ff0a390000e6
:103fc400ae0200a6b60290c54a0000a6d60290c56d
:103fd4002e0200a60804b9831224cce11900d0886b
:103fe400ad0300000afdffae08030000c2c301d404
:103ff400900300001204f0e10efeffa60a3900004f
:10400400a20700a80903ef1ddf1dcf1dbf1daf1db3
:104014009f1d8f1d4f770172ad3d00000e0500a658
:104024001200dae1ae390000ee0000a6060390c5e6
:104034004e0400a68900e088881eb9831a74000023
:104044001224cce10afaffae8e3900006e0300a6fa
:1040540009030000020200eb860700c5ee0200a679
:10406400f30008fd330118fd013d0000020200aa1f
:10407400c20348e1120440e1002000ff330148fd7f
:10408400043900004a0000a6c20348e1122444e5b2
:1040940002ac01d4003900004a0200a6881eb9838c
:1040a400ad0300001224cce10901e088caf6ffae9a
:1040b4000803000082bd01d40afeffae0900d088c7
:1040c400020309e590390000220300ae0601e0c5b1
:1040d4008e0000a609030000c2a901d40039000023
:1040e400aefaffa6330108fd003900004a0000a61d
:1040f400c20308e1122400e503000080881eb08397
:104104002e030000c2021fe50b03ae39ce0100a648
:104114004227ffd4620d201f00082183e9e39f8f0b
:1041240019000088510d1b3d430290f7aaf6ffae1b
:104134008e3900000ef8ffa6a9000088760390c50a
:104144000380eef78af7ffae2225ffd42afeffaee6
:10415400cf74f81ff91ffa1ffb1ffc1ffd1ffe1f62
:104164008003d103e3030000230012fd4300c2fdda
:104174003300b2fd81090000621d00d40024eee189
:10418400810d01392e0000a612001ce5090090885b
:104194001200a1e1190000880139000003a0aaf768
:1041a4002100a0b84a0200ae12000ce5093d00004f
:1041b400ee0100a8f30008fd330118fd013d0000e5
:1041c400020300aac20318e1120410e1002000ff58
:1041d400020310e571390000a20300ae330108fdab
:1041e400003900004a0000a6c20308e1122400e5d9
:1041f40003000080481eb0838900208842021fe526
:104204000b030000421fffd4d01f00000008d1831d
:10421400e9e30f8f19001088720d2b3d030001f79d
:10422400ca0000ae08030000e2b101d41204f0e1b8
:10423400eefcffa609390000a2fdffa8ef1ddf1d5b
:10424400cf1dbf1daf1d9f1d8f1dcf7601720000b6
:10425400481eb083197400001224eee10afaffae7e
:10426400f81ff91ffa1ffb1ffc1ffd1f800391039a
:10427400c203b303a40302394a0000a6421500d4c2
:104284000024bbe12300d9fd090090880d3900000a
:104294004a0000a69d3d0000660300a8f30008fd47
:1042a400330118fd013d0000220200aac20318e1f7
:1042b400120410e1002000ff0c3900006a0300a67c
:1042c400060200c56a0000a6920010e5413900000c
:1042d400c60200ae330108fd003900004a0000a602
:1042e400c20308e1122400e50a390000ca0200ae44
:1042f4000803000082ab01d41204f0e1cefdffa656
:1043040009390000be0000a80a390000ae0100a669
:1043140009000088903d00001fc010f80044df1d14
:10432400cf1dbf1daf1d9f1d8f1d01720a390000d7
:104334002a0000a6481ea083197400001224bbe1c1
:104344004afaffae0c3900002afeffa603000080e3
:10435400481ea083cafdffae1e72f81ff91f910309
:1043640012030000330082fd23030000a2e201d403
:104374001204f0e14a0100a6a9002088c2001fe54a
:10438400080300004213ffd4901f0000000891832b
:10439400e9e30f8f19001088d20d283d030001f7bf
:1043a4009f1d8f1d03720172cf74f81ff91ffa1f2e
:1043b400fb1ffc1ffd1ffe1f80038109c3030000b8
:1043c4002300e2fd4300d2fd3300a2fdc20a00d463
:1043d4000024cce10e3900002e0000a61200ede509
:1043e400090090881200bee1190000880e3900000f
:1043f40003a0bbf72100b0b86a0500ae12000de5ba
:10440400093d00000e0500a8f30008fd330118fd66
:10441400013d0000220600aac20318e1120410e1c3
:104424000020e0ff0e030000428f01d40039000099
:104434002e0700a619390000ce0200a60e030000c4
:10444400620fffd4860700c54e0200a6c300008891
:104454008824faedee0100a6f30008fd330118fdef
:10446400013d0000220500aac20328e1120420e154
:10447400002000ff330128fd023900004a0000a695
:10448400c20328e1122422e5428c01d40039000041
:104494002e0400a6330108fd003900004a0000a6de
:1044a400c20308e1122400e503000080481ea08333
:1044b4000901208842021fe50a0300008209ffd493
:1044c400820d201f00082183e9e31f8f1900008853
:1044d400720d2a3d4300e0f7ea0000ae0803000035
:1044e400229c01d4e00300001204f0e1aef9ffa61f
:1044f4000939000082fdffa80e03ef1ddf1dcf1d4b
:10450400bf1daf1d9f1d8f1dcf76017208030000d4
:10451400a29a01d4eafaffae481eae8319740000d1
:104524001224cce16af6ffaef81ff91f80030000e5
:1045340009009088f30008fd330118fd013d0000d7
:10454400020200aac20318e1120410e1002000ffd5
:10455400060200c52a0100a690764039e20000aeaa
:10456400330108fd003900004a0000a6c20308e137
:10457400122400e509039f1d8f1d017219740000a8
:104584008afdffae08030000e29601d41204f0e1b4
:10459400eefdffa6eafeffaef81f30038103000024
:1045a40000200183082020820e0220c58a0000a674
:1045b400227d92760900008842390000460100ae4f
:1045c4000303000002fbffd400201883120481e1de
:1045d4001b0021fc0e0220c56affffa6227d9276f5
:1045e4004239000002ffffae8f1d0172020000cdb0
:1045f400020000cd8a1a00d4f81ff91ffa1ffb1f0e
:10460400fc1ffd1f8003a2037706e1fd090000885b
:104614006706e0fd090010888706e1fd73060efdbc
:10462400030000844824f0ed4a0c00a649c0208809
:104634008000cee12f720000090cc088cc76000007
:10464400c2000ce11980108840040ee100200083b0
:104654004706e0fd094000885706e0fdc9c12088ef
:1046640080001ee10803000062f9ffd490030000fb
:1046740073060efd0a2010e54a0000a65e0210c56e
:104684008e0700a689c110881e610000402611e132
:10469400970000844824f0edce0500a6c9c1208807
:1046a4002e610000120420e1090020882700c2fdc9
:1046b4001b0010fc0900d088ae0210c58e0000a6b5
:1046c400c9c110881e610000220410e11900d088bd
:1046d40073060efd8248fed42700c0fd20030000af
:1046e4008800f3a108030000a28901d473061efd0b
:1046f400002001fd020300e590390000220800ae0d
:10470400c9c1208880000ee12277ffd4080090827e
:1047140073060efd002000fda2f8fed4760600c547
:10472400a20a00a8560600c5661600a8160600c50b
:104734002a1600a6e20600a8560200c5aa1a00a678
:10474400b60500c50a1e00a6c9c100880e61000096
:10475400122400e11204fbe10e1c00a683062efdc8
:10476400023900006e0200a6f9e30f8f8706e0fd10
:104774000a0200aef30008fd330118fd013d0000fc
:10478400220200aac20318e1120410e10020b0ffc3
:1047940073060efd002000fd0b3d0000ea0100a69b
:1047a400330108fd003900004a0000a6c20308e1f5
:1047b400122400e583060efddf1dcf1dbf1daf1db6
:1047c4009f1d8f1d0372017208030000c28401d46f
:1047d400b00300001204f0e1aefdffa689c12088f9
:1047e4002e610000122422e1c9c110881e6100005c
:1047f400122411e108030000e2ecffd490610000f0
:104804006af3ffaec9c100880e610000120401e121
:10481400caf6ffae360600c5ea1000a6460600c575
:104824002ef9ffa689c1008800003ee12c031e0377
:10483400080300000299ffd4003900002a2800a8c8
:10484400c9c110881e610000122411e10d39000055
:104854004e1400a6197f3a03190020880e030000a5
:1048640022b001d4d0030039e60b00a81204fde104
:104874004af7ffa6eaf9ffae060700c5aa0700a695
:10488400620100a8e60600c54a0900a6a20500a820
:10489400960600c58ef5ffa689c1008800003ee19a
:1048a4002c031e030803000062b4ffd44afcffaecd
:1048b400560700c58a0200a6860700c5ea0400a6ba
:1048c400360700c50ef4ffa603020080080090bd61
:1048d400aef3ffa6c9c120882e610000122422e194
:1048e40009004088d43d00006e0000a600200a8321
:1048f4004204a0e5f3ff40fd89c1108840003ee179
:10490400190020880a0c00ae89c1008800003ee12d
:104914002c031e0308030000e2d1ffd40039000079
:104924000a2100a8c9c110881e610000122411e1e7
:104934000d3900002e0d00a6197f3a0309002088c6
:10494400caf8ffae89c1008800003ee12c031e03b3
:1049540008030000c2bfffd40afeffae89c100886d
:1049640000003ee12c031e0308030000c2d1ffd463
:104974004afdffae89c1008800003ee12c031e03fe
:104984000803000002d1ffd400390000aa1d00a8ca
:10499400c9c110881e610000122411e10d39000004
:1049a400ce0900a63a030000090020880963108894
:1049b4004af5ffaec9c100880e610000122400e16f
:1049c40063060efd0800f1a1e01f00000008e1836a
:1049d4000d3900002e0800a6197f3a03090020882b
:1049e4000e03000002a401d483062efd2d610000f5
:1049f4008706e2fd2ae1ffae89c1208880003ee1fe
:104a04002c031e0308030000e28cffd400390000cd
:104a14008a1900a8c9c100880e610000122400e1af
:104a24000d390000ae0500a6197f2a030e0300000d
:104a3400629e01d46af1ffae03020080080090bdbb
:104a44002ee8ffa623000cfd003900004e0000a64e
:104a5400190000882700c0fdc9c120882e6100000c
:104a6400122422e109004088d43d00006e0000a613
:104a740000200a834204a0e5f3ff40fd89c11088a9
:104a840040003ee1090020881c03080382beffd4d5
:104a94008aeeffae03020080080090bd4ee5ffa63b
:104aa400c9c120882e610000122422e1f30008fd10
:104ab400330118fd013d0000420100aac20318e1c0
:104ac400120410e1002000ff560200c50e0100a6ea
:104ad40089c120882e610000122422e10900d088b7
:104ae4002af8ffae08030000e26b01d4cafeffae51
:104af400330108fd003900000affffa6c20308e1e4
:104b0400122400e5aafeffae03020080080090bd57
:104b1400aee1ffa609009088d93d00006e0000a612
:104b240000200a834204a0e5f3ff90fd73060efd06
:104b3400c9c110881e610000120410e11b0010fca2
:104b44000900b088ee0510c58e0000a6c9c1108802
:104b54001e610000220410e11900b0881980208829
:104b64001b030e03c23efed40d04e08873060efd43
:104b740008201082de0210c54e0300a6c9c11088a9
:104b84001e610000120410e10700008008000be41d
:104b9400ef02e0fd73061efd08200182de0500c55c
:104ba4002e0300a60900d0889d3d00007e0700a6c4
:104bb400f30008fd330128fd023d0000a20b00aa0a
:104bc400c20318e1120410e10020b0ff12000be14f
:104bd40008e00e820e0000c54e0a00a609001088e7
:104be4004a0700aede0510c54efdffa6c9c11088f8
:104bf4001e610000120410e10700008008000be4ad
:104c0400ef05e0fd6afcffae0e0000c5aafcffa69e
:104c1400de0200c54a0100a673062efd002002fd37
:104c24000e6100000700008448001be41f0001fd22
:104c3400c9c100880e610000120402e1aafaffaea5
:104c440083060efd0a2000e56afeffa6de0500c508
:104c54002afeffa6c9c120882e610000120421e1aa
:104c640063060efd002000fd0700008888002be489
:104c7400120031e1002033fd033d0000c6fcffa813
:104c840010740000881f0283eafeffae481f9b8356
:104c940089c110881e610000122411e11d741d03d6
:104ca400f30008fd330128fd023d0000e20200aae2
:104cb400c20328e1120420e10020b0ff12000be13e
:104cc40008e00e820e0000c50efeffa6330108fdab
:104cd400003900004a0000a6c20308e1122400e5de
:104ce400c9c100880e610000122400e101390000ee
:104cf400aad2ffa6093900006ad2ffa603000080e9
:104d0400481c90831900d088eae6ffae080300002f
:104d14009706edfd825a01d4b003000093061efdf0
:104d2400cafcffae89c100880e610000122400e1b4
:104d3400eaf3ffae08030000625901d4b003000097
:104d44004af4ffaed00300000ad9ffaef81ff91fe2
:104d5400fa1ffb1ffc1ffd1ffe1f82030900208892
:104d640001281480f50030802061316301b0d780c0
:104d740015e24780f14f2880e5015080f9e3df8f89
:104d8400243d353f861200ae01283a804523a68093
:104d9400f9e3bf8fa061b16301181580050020807d
:104da400090030880a031b03420502d4d103c0035f
:104db4000118158005002080090030880a031b03b0
:104dc400820702d490030039860000a801181580d8
:104dd4000500008090611c760200dde779002088e0
:104de4000900308832000ce102001de3220602d4df
:104df400a0030039260000a87200a0e111ab2380b3
:104e040005002080090030880c031d03220202d40f
:104e1400e003000011ab23800500208009003088e6
:104e24000c031d03620402d400390000660000a8cc
:104e340011ab23800500108001611e76b11fc8806c
:104e4400a521278000102295c00040e1f420000035
:104e54000800f1a1416544392e0000a639004088bc
:104e64004115f780f5e3b780b4150b613107db809a
:104e740065a2208000102295c80072a00800f1a14c
:104e8400800011e5960110c52e0000a68901108846
:104e9400b920bd8fb1150b61119bcf80858325800f
:104ea40000102295c00020e1822000000800f3a138
:104eb400236542392e0000a6390020883941bf8f6e
:104ec400b215b06109000088203d0000ae0000a6c4
:104ed40019000088013900004e0000a6413d000081
:104ee4001fc010f81613b0c5020800a8b203cbe126
:104ef400c061212412610000492200884015146118
:104f040009c12088801322954800f0a121613063f3
:104f1400a368019009001088006004fd0b3d0000a7
:104f2400ae0600a8913900004e0000a8c1761274a4
:104f3400020033e3410600800500448009005088e4
:104f440042615363f9e36f8f09007088f9e3df8fdf
:104f5400463d573f060400ae420108e1460602e121
:104f6400020108e1220401e1c20008e112040be19c
:104f740067008afd77008cfd513c2b80a58104805d
:104f8400401200951961b1204802f3a11365000095
:104f9400270081fd918888808540248040120295f5
:104fa400400009e15020036500102295c00010e183
:104fb400512000000800f2a112650000c9032088f6
:104fc40012150000000011e5170081fd0215000014
:104fd400400680e50900d0880d03ef1ddf1dcf1dbd
:104fe400bf1daf1d9f1d8f1d01720000e9600f8f53
:104ff4000000cbe1daf7ffaeb0651174caf8ffae7a
:10500400f81ff91f80039103003900006e0000a609
:10501400090000889f1d8f1d01720000130010fd00
:10502400020211e92e0100a609000088a70080fdf4
:10503400670080fd570080fd903d00008afeffa6ba
:105044000020088362e4fdd44afeffae530010fd45
:10505400630020fd123d000062feffaeb30030fd90
:10506400061012f50e0003d6530018fdf9e30f8f56
:10507400013900008efdffa6cafcffaef81ff91f20
:1050840080039103003900006e0000a60900008827
:105094009f1d8f1d01720000130010fd020211e913
:1050a4000a0100a6530010fd630020fd123d00001c
:1050b400a60200ae09000088a70080fd670080fdfd
:1050c400570080fdf30028fd030108fd203d00008a
:1050d400a20000aa206500008800f3a1190010882e
:1050e40000200883e23001d409000088070180fd14
:1050f400f70080fd903d00008afcffa60020088395
:1051040082defdd44afcffaeb30030fd061012f57a
:105114000e0003d6530018fdf9e30f8f0139000088
:105124008efcffa64afbffaef81ff91ffa1ffb1ff8
:10513400fc1fa003c1039203e30080fd09800088e3
:105144000000b2e12b0300000900108808030000ee
:10515400022e01d4003900002a0000a60000b8e5a0
:10516400b93d000043c29bf7290318030c03000058
:10517400820dfed4c2030ae1400608e18b610000ff
:105184000701a8fde700a8fd0903cf1dbf1daf1d42
:105194009f1d8f1d017200001e72f81ff91ffa1f58
:1051a400fb1fb003530040fd0801f5a14300a0fd1f
:1051b400ba390000a20100aeb1aaaa80a5420180ba
:1051c40080120095112000008802f0a110650000f3
:1051d400c90000880115a0650a390000260000a84e
:1051e4001176ca744800f0a14161506342012fe571
:1051f40004031503a23500d491038003b10d0a03ff
:10520400625e01d40800f2a108610000800019e385
:10521400c2002be1122022e5011815800500308020
:10522400801023950261136323002bfd0901378845
:10523400801023950261136313002bfdc90330888a
:10524400801023950261136300202b838800f3a14f
:1052540002611363bf1daf1d9f1d8f1d0372017279
:105264000900108800203083002023fd020322e57a
:1052740092390000220000ae01030172a9004088a7
:1052840014151261120403e1cafeffaef81ff91fe0
:10529400fa1f80030020008308201082de0210c55c
:1052a4006e0300a6120480e11900a0880803000020
:1052b40062fdffd40901978890150000002008833f
:1052c400eb0000844824f0ed9e0100a6120480e166
:1052d4000803000042fcffd4c90310880115906143
:1052e40000200883eb0000844824f0ed7e0000a633
:1052f400120480e10803000022fbffd490610a3904
:105304001a0000a6997b0903af1d9f1d8f1d017212
:105314000900a088be0210c58efcffa6120480e11d
:105324004afcffaef81ff91f80039103002010838d
:10533400002021fd00049283d60420c54a0200a661
:10534400a60420c5ce0100a6120401e10803000052
:1053540062f8ffd4170090fd00200883bf0000848a
:105364004824f0ed8e0200a6120480e10803000038
:10537400c2f8ffd4470090fd9f1d8f1d01720000ed
:10538400090490882afeffae120401e182f6ffd4dc
:10539400170090fd122488e10803000002f6ffd4f0
:1053a400270090fd122488e10803000082f5ffd451
:1053b400370090fd0afdffae09020e88aafdffae7c
:1053c400002031830900208879004088f30000948c
:1053d4004825f3ed2e0200a6120413e1790030886b
:1053e4000020418388e05482ee0350c52a0000a6c1
:1053f400a10030b8120414e1802411e103000084f8
:10540400881c018301720000881c0583127400004b
:105414006afeffae881c05831274000000203183ed
:1054240088e05382080035820a0230cb337d0000c5
:10543400160233e5960130c5e6fdffaea1fe4fb876
:10544400aafdffae1e72f81ff91f0000f368018069
:10545400d0090000e36801a0090000880024f8ede9
:105464006e0800a6d3680180002010833139000043
:10547400e60000ae11613139e60700ae490010883c
:105484000004018301030000e2e9fdd400048083e9
:10549400022008e56a0000a649002088d10d00001a
:1054a40002f4fdd4c2001fe51f61018082f8ffd41d
:1054b400436101a41f61018000049083c2000fe5d1
:1054c40042eeffd4736101a000048083c2001fe593
:1054d4000361018042f7ffd403610180170090fd4e
:1054e40063610184f36001a4030000888824f0ed63
:1054f4002a0500a61900008800041083d00d0000be
:10550400ba2200e4ee0000c5a60000ae107f000041
:1055140059e20f8b040010ab120000e94e0300a601
:1055240009e3088f002498e1d00d0000b300008443
:105534004824f0edae0000a6c2002fe5120420e1dd
:10554400a360018402030000c2eeffd4d00d00006a
:10555400b30000844824f0edae0000a6c2002fe59d
:10556400120420e15360018402030000a2edffd481
:105574009f1d8f1d03720172260011c502f8ffae34
:1055840029001888caf7ffaec2000fe5e2e7ffd48e
:10559400000490838afcffae090000880004108395
:1055a4006affffae8f74f81ff91ffa1ffb1ffc1f61
:1055b400fd1ffe1f9003000002022fe501030000ff
:1055c4000800f1a1221700d4b103a003002019831d
:1055d4001300e9fdd60410c5ca0200a60e0300009c
:1055e400a60410c5ae0000a6b603e0c54e0000a890
:1055f400810d01392e0000a612000ee50118158058
:1056040005001080011500000800f3a1a061b36338
:10561400430029fd8800f3a180000ae1c0001be3d8
:10562400ef1ddf1dcf1dbf1daf1d9f1d8f1d8f766d
:1056340001720000230089fd3300c9fd1200dee57c
:10564400810d0d03423c01d40800f1a1a061b163b6
:1056540001a89380050020800900308801605480ef
:1056640005000080090010880a611b6322c201d46e
:105674007150e4802502268000102295c00010e1bc
:105684000121f02110650000000311e5013900003b
:10569400160000a871745839ee0000a6c20131e169
:1056a400800d2e39ae0100a6c07500004900208887
:1056b400303d000003a282f71876000079000088cc
:1056c4008015816101181580050000808015000097
:1056d4000802f3a1a861b363aaf9ffae5961058872
:1056e4000400d0a9120000e9e0750000eafdffae55
:1056f4004f75f81ff91ffa1ffb1ffc1ffd1ffe1f2c
:10570400910380035209d303e403c503660900002f
:1057140082e9ffd463610180002000830039000026
:105724000e0200a60904d088736101800020008362
:10573400007b00000004e0830c3900000e0a00a680
:105744004361019400205583640d000000044583e7
:10575400ef1ddf1dcf1dbf1daf1d9f1d8f1d4f777b
:105764000172000081551880e5012080090030880d
:1057740008031903e2b601d46600a0e10200b1e314
:10578400090020880a031b03020900d4083d193fbd
:10579400220600a812004ae102005be30900208807
:1057a4000403150374098509020800d4740d850dda
:1057b400083d193f6a0500a81a030000a360018090
:1057c40002efffd4310320031a0300005360018069
:1057d4007209830962eeffd4720d830d540d0439ee
:1057e4000e0100a673610190002044830801f5a115
:1057f40024613563f3600190002044830801f5a11e
:1058040004611563203d313f060300a8283d393f5c
:1058140082f8ffa8083d193f4ef8ffa81900008838
:105824000004d083f360018000200083007b00002b
:105834000004e0830c3900008a0000a67361018033
:1058440000200083007b00000004c08353610194a6
:10585400002055838af7ffae1a7600000200bbe7ea
:10586400eaf8ffaeb503a4034af9ffae083d193fb9
:1058740042fdffa8283d393f42f5ffa8eafcffaef0
:10588400f360018000200083007b00000004c083db
:105894006af5ffae6addffaef81f0000a30080fdcd
:1058a40002ddffd408038f1d017200008f74f81ffe
:1058b400f91ffa1ffe1fe203a60800c5013b000002
:1058c400e20200a8460020e522200000320030e970
:1058d400ee0100a612760e394a0000a6190030889f
:1058e4000004e383660000e501381380e50180804d
:1058f40008150000011815800500108021150261ab
:105904000800f1a1ef1daf1d9f1d8f1d8f76017241
:105914000e3900006afeffa60904e0882afeffaee5
:10592400023900004e0000a6b20900004201efe572
:10593400460220e5f151b880e5814280801044950b
:1059440048017aa0f221a265460280e5020091e7af
:1059540009c120880900308808031903a2aa01d4c8
:1059640000390000460000a81a760000021900c1a0
:1059740000390000ee0200a6190010880004e1833b
:105984000900208819221088a115000089011088b7
:1059940001150a6100201ee521610000011815802f
:1059a400050000808010209501381380e5010080f7
:1059b4004002109500128097916182619363000008
:1059c4000150e98065c001800900108808611963ed
:1059d4008af9ffae760c00c58e0100a8b61200c588
:1059e400ee0000a8c21200c539003088003900005a
:1059f4008e0100a60004e083200303032afcffae0b
:105a0400820c00c5290030880affffae360600c5a7
:105a14006e0000a8460200e5190030886afeffae59
:105a240009003088080022a2320000e90900108829
:105a3400013d00005fc010f80004e183dafdffae11
:105a440000740000160000a6007b0172022000e52d
:105a54006a0000a80294fdd41204f0e12e0000a60e
:105a64000900008801720000f81ff91ffa1ffb1fcc
:105a74008003a103f30010fd330120fd123d00005b
:105a8400820500aac20300e1120401e1002001ff23
:105a9400b60200c56a0000a609009088d60200c5b7
:105aa4008e0200a6d9029088093d00005fc210f85a
:105ab400f30008fd330118fd013d0000e20300aad4
:105ac400c20318e1120410e1002000ff020310e5f4
:105ad40091390000e20000ae0a390000aa0000a6d5
:105ae400330118fd013900004a0000a6c20318e181
:105af400122411e5020310e50900a0889139000081
:105b0400220200ae330108fd0900a08801000080d4
:105b14000500b480003900004a0000a6c20308e171
:105b2400122400e50a031b03bf1daf1d9f1d8f1d1b
:105b34000172000082e900d4aafaffae0803000053
:105b440022e900d42afcffaea9001088a115a061a7
:105b54000203aae5f30008fd330128fd023d00001d
:105b6400e20200aac20318e1120410e1002000ffbf
:105b7400020310e591390000860000aeb1cccc8060
:105b8400c5601080a13d0000eefdffa88802fba1c6
:105b9400330148fd020310e591390000a20300ae71
:105ba400330108fd00390000ce0500a609390000c4
:105bb4008afbffa6aa7b00000200bbef2afbffae14
:105bc4000803000002e500d42afdffaea9001088f6
:105bd400c00221958012a197b26100000800f1a1d2
:105be400a061b1630203aae50200bbe7f30008fd6c
:105bf400043d0000820000aac20318e1120410e16f
:105c0400002000ff4afcffae08030000c2e200d4fb
:105c1400eafbffaed17a1480e5c2238041e17a80a9
:105c240045013080a23db33f0efdffa8330118fdae
:105c3400020300e59039000026fbffaef30008fde7
:105c4400013d0000820000aac20318e1120410e121
:105c5400002000ffaafeffae0803000042e000d4cb
:105c64004afeffaec20308e1122400e5eaf9ffaee2
:105c74000a2200d4f81ff91ffa1ffb1ffc1ffd1f87
:105c840080269026a026b026c026d026e026f02620
:105c9400800301032708e2fd4708e3fd3708e4fd1c
:105ca400b50300000900c088060300c5aa0800a6c1
:105cb4000900d088061044f5e60200c56e0100a66e
:105cc400f30008fd330128fd023d0000220900aa6b
:105cd400c20318e1120410e1002000ff061044f58d
:105ce400060300c5ca0800a61900d0880904e08884
:105cf4000900a088061022f50708e2fd1708e3fd55
:105d04000900608809009088020310e591390000b9
:105d1400a20900aee60200c5aa0900a60d390000da
:105d24004e0000a603084efd13085efd0c3900006a
:105d34004a4b00a610030000020211eb560610c5e0
:105d4400ce4d00a61b0308035708e4fd6708e5fdd4
:105d54007708e6fd82e8ffd409002088010000806e
:105d64000500348053084efd63085efd73086efd24
:105d7400023d133f2e0100a60b3900006a4a00a61b
:105d8400330128fd061000f5023900006a0000a660
:105d9400c20308e1122400e5061000f540615163d6
:105da40002200ee58e0c00a633084efd14040000fc
:105db4000a10028e6601008686000084227401d4d3
:105dc400ca4800aef30008fd330118fd013d000090
:105dd400a20000aac20318e1120410e1002000ff8f
:105de4001900c0880af6ffae08030000c2d300d42d
:105df4006affffae0803000062d300d4eaf6ffaee8
:105e040014760000020055e7f30008fd330138fd65
:105e1400033d0000a20000aac20318e1120410e12d
:105e2400002000ff1900c088aaf5ffae0803000097
:105e34005708e4fd6708e5fd62d100d453084efd20
:105e440063085efdeafeffaee60200c5ae0100a6f1
:105e54000d390000ce0600a603084efd13085efdb2
:105e64001900d088f30008fd330138fd033d00001c
:105e7400c20400aac20318e1120410e1002000ffca
:105e84002af4ffae03082efd13083efd1274000031
:105e9400020033e30708e2fd1708e3fdc60760c507
:105ea400620200a8060300c58302a2f709390000b4
:105eb400aa0000a6880123a43e61000000202383d9
:105ec400a900008802151061880122a42e61000037
:105ed40000042183197400001900c0889939000056
:105ee4000efcffa66c61000009009088aafbffaebf
:105ef400060300c56afbffa6c3070efd120000ebf4
:105f0400c707e0fdc921a288cafaffae0803000052
:105f14005708e4fd6708e5fd7708e6fd42ca00d4aa
:105f240073086efd63085efd53084efdcaeeffaeb6
:105f3400e9020088aaefffae03082efd13083efd18
:105f4400243d353fee0100a69439053ba20100a88b
:105f540023082efde60120c5420000a8040021ab61
:105f64000e0100a633084efd040400000a00008f51
:105f7400121000f5200431040e20048f0620008541
:105f8400ca3a00ae33080efd800400000a80108f68
:105f940043081efd4800f0a301611020007b0000af
:105fa4000800f1a1043d153fc60000a873690180f3
:105fb4002902108800040183a601048706240085b1
:105fc400cafdffae43082efda60202e50800f1a1ba
:105fd400043d153f0e0100a8736901802902108851
:105fe4000004018301000082050020820100008278
:105ff400150030822afeffae09390000ba0000a65f
:10600400a00009fb1900108899390000438000f7ab
:10601400e10100b81674c4038a390000c20600a85e
:10602400a43d0000820600a8160140c5420600a84f
:1060340000201e83943900008e0100a6121001f581
:10604400000411040e00008f068000856a3400ae3f
:10605400880123a43e61230300201383a900308810
:1060640013150000000421832afdffae84390000cb
:10607400820100a8121001f5200431040e20048fbf
:10608400068104858000c4fb236401802c24c06144
:1060940000200c83000400000a00008f0a01008520
:1060a400ca3100ae920004e5d9e32f8f0215000037
:1060b40023082efd02610000e60100c5420000a88d
:1060c400440000ab8e0100a6236401802c24c0612f
:1060d40063ff0cfd400400000a40088f121001f514
:1060e400000411040e00008f06800085060200855e
:1060f4004a2f00ae60030000120006e5080023a446
:106104003e610000090040880025f3ed2affffa648
:1061140091e33880e5c0018000130095480018a081
:106124000803f0a180650000990000888015000034
:10613400000388e5843d0000aa0200a6c43d0000d7
:10614400260000a880610000800008fb236401840d
:10615400202401610020a0837e0300000900008840
:106164000900408809009088120056e1410150b8a6
:10617400003900008a0000a6880122a42e610000d4
:106184000004208316740000900088fbc861840317
:10619400090090886a0a00ae002027839f720000dd
:1061a40007002aea2061721f01a0ac8095c3018018
:1061b4009f72000003000aea03150000120019e1af
:1061c400943d00007e0000a6023900003e0000a6b7
:1061d400f60341e99c7691038afcffaed97700006f
:1061e4001200d6e5f603dde909007088480324a40b
:1061f4000708e4fd00010ee11230a0f5db250000e4
:106204008b02dae1a76100000200bbe301a0ac80cd
:1062140095c341800900508809007088a43db53faa
:10622400020200ae240335030a031b035708e4fdee
:106234006708e5fd7708e6fd426001d470030000bd
:1062440053084efd63085efd240335030a031b0354
:106254005708e7fda25f01d4a003000073086efd98
:1062640053087efd03084efd001dea83120006e577
:10627400f60300e90d3d0000ee0000a6d83d000045
:106284004a0900a60a390000430366f71d76000098
:10629400f603dde9aafaffaed83d00006effffa6c3
:1062a40007390000ea0100a69c741876f60388e911
:1062b400683d00000e0100a6120010e5f60311e986
:1062c40021241e61080023a43e612303002031839e
:1062d400c02412eb60030000080224a44e610000f5
:1062e400000447831601c0c58ef7ffa82601c0c568
:1062f400ce0000a6e105978085001080080222a444
:106304002e6100004024f2ed82f6ffae03640188a2
:1063140009001088000201e1f60300e9603d000075
:106324000a0100a620240e6100203083006002834d
:10633400303d0000660000aa860000ae11742139c9
:106344008efeffa62601c0c50a0600a61900108805
:1063540099000088b601c0c5038001f79061000070
:10636400440001ad1176000001a0ac8095c371809a
:10637400c40107a92803000009003088263d000055
:106384008e0100a6033900000afcffa6120006e1f4
:10639400f60300e9083d0000ea0200a626246e6127
:1063a40000046383600300000afbffae08030000df
:1063b4006af7ffae880024a44e61a403002054832e
:1063c400440104ab436100000004a483400131e9ab
:1063d40037150000120052e1283d00008e0000a68f
:1063e400043900004e0000a6f60385e99c760000ff
:1063f400f60325e92afcffae120006e5f60300e9e0
:1064040020240e61082000c20af8ffae6601088746
:106414000900108802401887000201e1f60300e930
:10642400063d0000ce0000a616740000f60366e9df
:10643400880123a43e61000009004088f7ff34fd71
:10644400010000820500008251d6dc82c50112825f
:106454000602088520240e61123020f5020413047c
:106464000e00008f02400881117421394efdffa6f1
:10647400064410855203d9e143080efd4003c0e5ec
:1064840023082efdc23d0000660c00a80900a08868
:106494000c39000083a2acf71900b08894020afbff
:1064a400160000867708e6fdc27701d4a23c01d429
:1064b40002800487225a01d402001c8750030afb7d
:1064c40016000086e27601d4c23b01d402000487a0
:1064d40002800087626301d40200148706041081dd
:1064e4000287108173086efd220008e1f60300e9bb
:1064f400063d0000ca0300a620240e61002000838c
:10650400f14fd680c5e11080013d0000a60900ae20
:10651400003900008e0000a638740000f60388e9f4
:10652400863d00000a0100a633084efd1404000055
:106534000a10028e0100008285e2018206100084a6
:10654400023801d40205148150030afb10390000fb
:10655400ee0000a81600048702a00087225f01d481
:106564000ac0008b420000b21600008702051481a5
:1065740043080efd807b000023082efd8265000089
:1065840002a4108106e41081120008e5fd410d3dce
:10659400a20300a802800087225501d401000082d2
:1065a4000500208201000082450332820a20008b0c
:1065b400620100b80b3900006a0000a6ca3d000061
:1065c400dfc210f80b4400000100008205000082c5
:1065d40001000082e5e311820604108519740000ad
:1065e400420309e13874083d860000a80b39000015
:1065f400aa0000a60ac5008b620000b0736901807e
:106604002902108800040183090300000280008726
:10661400227101d42a0600ae23082efd460320c5ac
:10662400620000a8a20300000900b0886af3ffae6c
:106634000900b0885903a08866011c8702e014870a
:106644002af5ffae0150d680c5e1108033084efd17
:10665400013d0000a20000ae140400000a10028ee6
:106664000100008245e301828af6ffae04040000c3
:106674000a00008e38740000f60388e9863d0000a5
:106684006e0000a60100008205e311826af5ffaee8
:106694000100008245e311820af5ffae00390000d3
:1066a400ea0000a8330108fd003900004a0000a6f2
:1066b400c20308e1122400e50c3900000eb7ffa65e
:1066c400736901806901108800040183061022f5b2
:1066d40008030000428a00d466010087f02ee02ef1
:1066e400d02ec02eb02ea02e902e802edf1dcf1dba
:1066f400bf1daf1d9f1d8f1d037201720039000065
:1067040006fdffa8cab4ffaecf75f81ff91ffa1f24
:10671400fb1ffc1ffd1ffe1f80269026a026b0260f
:10672400c026d026e026f0268003b2036601008747
:1067340001390000ca0000a811390000ae0100a808
:10674400e9e0cd8f5903a088213900006a0100a631
:10675400f02ee02ed02ec02eb02ea02e902e802e05
:10676400ef1ddf1dcf1dbf1daf1d9f1d8f1dcf77db
:1067740001720000b9a2cf8f8901a088f30008fd3f
:10678400330118fd013d0000220700aac20318e1ed
:10679400120410e10020e0ff0602e0c5eafeffa6b5
:1067a40092000ee54039000082feffaeb602e0c55d
:1067b4006a0600a619009088d602e0c52e0100a63c
:1067c40029009088100099fbf30008fd330128fd8f
:1067d400023d0000820500aac20318e1120410e180
:1067e4000020e0ff0900d08889001088c36301807d
:1067f4000d610000002020fd0e030000020200ebea
:10680400023d00008a0400a63d390000ca0000a62b
:106814008d3900006a0500a63d390000220600ae4d
:106824000b390000ea0500a6330128fd02390000f7
:106834004a0000a6c20308e1122400e50b39000057
:106844000a0400a622000de5190010883d39000055
:10685400032001f7210000b84a0300ae023900000a
:106864008affffa6c20318e1122411e52affffae36
:1068740008030000827f00d4e0030000caf8ffaee2
:1068840009009088eaf9ffae08030000c27e00d434
:10689400e00300006afaffae6d390000e60000aec6
:1068a400f30008fd330168fd063d0000220100aa43
:1068b400c20328e1120420e10020e0ff1d7400005f
:1068c40041f91fb809390000aa3500a8b6010087ac
:1068d400eaf3ffae0803e108627c00d4e003e10cb4
:1068e400cafeffae0d390000ca0200a6330108fd3e
:1068f400003900000e1400a6736901806901108834
:1069040000040183061022f508030000827800d4f5
:1069140066010087caf1ffae1d390000e60000ae33
:10692400f30008fd330118fd013d0000220400aa14
:10693400c20318e1120410e10020e0ff1d743d3988
:106944002a0100a6e76301800d610000002010fd0c
:106954000e030000020200eb013d0000cafdffa689
:106964003d390000ae0800a6f30008fd330128fd00
:10697400023d0000620200aac20318e1120410e101
:1069840008200082a3000084080001bd1fc010f885
:1069940000440000190090880e0000c52a0200a6d9
:1069a400330108fd003900006e0100a6e6010087ee
:1069b400eaecffae08030000627500d4e0030000b7
:1069c400cafbffae08030000e27400d489021088f9
:1069d400013d0000aafdffaec20308e1122400e558
:1069e4004afeffaef30008fd330168fd063d0000da
:1069f400c20100aac20318e1120410e1002000ff42
:106a0400020310e591390000c20000ae10035140aa
:106a1400160011e5960110c5420000aef60500c54a
:106a2400ae0000a619740000cafdffae0803000002
:106a3400a27100d44afeffae960200c56afbffa60f
:106a4400330118fd013900004a0000a6c20308e121
:106a5400122400e50b390000eaf4ffa619740000c3
:106a6400210090b82afaffae013900008affffa680
:106a7400c20308e1122400e52affffae0d3900002d
:106a84004ef3ffa60603e0c50e2700a6f30008fd9b
:106a9400330118fd013d0000420700aac20318e1ba
:106aa400120410e1002000ff330118fd020200eb84
:106ab400860700c52e2500a6f30008fd103d000042
:106ac400620600aec20318e1120410e1002000ffc8
:106ad4000900e088060300c50a0600a6e60200c510
:106ae4004a0700a6061066f509001088061044f54a
:106af40009002088b2080000160010876601148778
:106b040002a0188702801c87020320e59239000046
:106b1400a20900ae30030000020233eb160233e593
:106b240053390000020900aee60200c50a0900a6b6
:106b34000e3900008e1100a6330108fd0039000053
:106b44002a2200a6f30028fdc20308e10b39000045
:106b5400ca0f00a6013900000e0f00a6220402e5a8
:106b6400190400000a10028e660100868600008463
:106b7400820601d4cadeffaec20308e1122400e596
:106b8400aaebffae08030000e26600d4caf8ffae29
:106b940008030000826600d4aaf9ffaef30008fde2
:106ba400330128fd023d0000a20000aac20318e13f
:106bb400120410e1002000ff1900e088aaf8ffaedb
:106bc40008030000026500d46affffaef30008fd6d
:106bd400330168fd063d0000020100aac20318e16a
:106be400120410e1002000ff061066f5060300c53c
:106bf400aa0000a6190010888af7ffae0803000057
:106c0400226300d40affffaef30008fd330118fd30
:106c1400013d0000e20000aac20318e1120410e1e1
:106c2400002000ff16760000020077e71900e088d4
:106c3400cafdffae0803c608d7080000426100d4ad
:106c4400d70cc60ceafeffaee60200c5ce0100a6d4
:106c540001390000ee1900a6240335031900108839
:106c6400f30008fd330168fd063d0000620500aa3b
:106c7400c20378e1120470e1002000ff750364038d
:106c8400530342030af4ffae960300c54e0000a866
:106c9400020200eb760120e57439053bc20000a82e
:106ca4004d24d261120024e1020035e34603570368
:106cb4001900e0884afdffaed439053b420100a823
:106cc400010000820500008201000082b5e3118208
:106cd40006041085020400000a00008f0680008567
:106ce40002051481eafdffae02390000aafdffa6e9
:106cf400b20c02396efdffa601000082050000827d
:106d040001000082e5e31182060400850205148176
:106d140019002088b20800004afcffae0803e1080d
:106d2400c208d308f4080509e25900d4050df40c8f
:106d3400d30cc20ce10c00000afaffae320402e5e7
:106d440000200083f70080fdaaf0ffae120402e5e4
:106d540000200083f70080fd061022f508030000e0
:106d6400e25500d4caefffae013900002e0000a6a0
:106d7400750364037439053b2e0500a8020200eb79
:106d8400060700c56e0100a61b030803c608d70842
:106d9400a266ffd409002088010000800500348029
:106da400c60cd70c023d133f0e0100a60b390000a0
:106db4008adaffa6330108fd003900004a0000a664
:106dc400c20308e1122400e5061000f50d390000a5
:106dd4006aecffa6820026e5020037e723240000c0
:106de4008b0022e0800040e1c00051e389040000f0
:106df4000a80108f0c7b00000800f1a1403d513f38
:106e04004e0100a8736901802902108800040183df
:106e1400a601048706240085062000858ac9ffaee2
:106e24004d241474020055e34afaffaea6020ce5a1
:106e34000800f1a1403d513f860200a8736901801a
:106e440029021088000401830100008205002082c9
:106e54000100008215003082cafdffaedd61000032
:106e6400010000820500008201000082e5e3118236
:106e74000a05008ba20600b81d74000006e5008117
:106e84000205148114760000020055e70d39000054
:106e940046feffa82a0300008800f3a1020204e1d1
:106ea400020015e30803f6a10c651667203d313f87
:106eb4006e0000a80002acfba4610a39aa0400a871
:106ec400660100874603a0c5020100a844010afb2d
:106ed40016000086f4080509422601d422eb00d4ea
:106ee40002800487a20801d4f40c0000f601a0c5b6
:106ef400c20000a80ac5008b820000b012000de990
:106f04004e0000a61d7400006601148706851485d2
:106f140012100df5200431040e20048f0681108513
:106f24000204108102a41481060500810ac0008baa
:106f3400620000b273690180290210880004018391
:106f440004030000822701d42ac0ffae02a51481e5
:106f54008af9ffae0900a0888afbffae0139000060
:106f64004a0000a6c20308e1122400e55b034903ba
:106f74003c032a031e030803a267ffd48abeffaea4
:106f8400060100874abeffae0b3900008edeffa665
:106f94002aeeffaee90200880e390000aeeeffa62d
:106fa400aadcffaef81ff91ffa1f9003a10300002b
:106fb400427cfdd480033a032003000019001088aa
:106fc40009030000e20000d4083d00001fc010f8cf
:106fd4000044007baf1d9f1d8f1d017200200083a4
:106fe400eaebfcaef81ff91ffa1f91034000a295cb
:106ff4000900108809390000430082f72a031003ae
:107004000303000022db00d4a03d00005a0000a6c8
:107014009f720000070009ea80030803af1d9f1d4b
:107024008f1d0172c203f0c1f81ff91ffa1ffb1f65
:10703400fc1ffd1ffe1f8003e1039203d503c4035d
:10704400460210c5460000ae113900008e0000a6ad
:107054007369018069011088000401836a0900ae24
:10706400f30008fd330118fd013d0000220400aacd
:10707400c20318e1120410e1002000ff060200c55b
:10708400eafeffa6920010e54139000082feffae41
:10709400b60200c58a0000a609002088f208000094
:1070a400d60200c56e0100a6d902a0880a3d0000e0
:1070b4001fc010f8007bf008f30008fd330138fd11
:1070c400033d0000c20100aac20318e1120410e14a
:1070d400002000ff330118fd0e3900006a0100a6ec
:1070e4000601e0c58e0800a6060300c52a0100a615
:1070f4002a0800ae08030000623b00d4eafbffae9e
:1071040008030000023b00d44afeffae060300c59c
:107114000e0700a6f30008fd013d0000520400aa7a
:10712400c20318e1120410e1002000ff1003000064
:10713400020211eb860710c50e0500a6f30008fd38
:10714400330168fd063d0000420300aac20318e1b2
:10715400120410e1002000ff2b57018448e0108244
:107164000901e088fe0010c5421200ae330108fd9b
:10717400003900006a2400a6f30018fdc20308e1e8
:1071840009390000ca0100a6220401e50610aaf587
:107194000a031b03ef1ddf1dcf1dbf1daf1d9f1d68
:1071a4008f1d0000c203f0c501720803c23500d46c
:1071b400cafbffae08030000623500d4cafcffae70
:1071c400120401e500200083f70080fd061022f57b
:1071d40008030000423200d48afdffae0e390000dd
:1071e4006a0e00a6ae3900004e0e00a60900a08863
:1071f400ca0200aea900e0882b57018808e0228269
:107204002e3d0000e6feffaa013900004a0000a658
:10721400c20308e1122400e5061022f50803000069
:10722400e22f00d44af1ffaea9001088a115a06195
:107234000203aae5f30008fd023d0000a20900aa2a
:10724400c20318e1120410e1002000ff330128fdfd
:10725400020310e591390000860000ae81999980ff
:1072640095c11080a13d0000e2fdffae1210aaf509
:10727400020310e5330198fd91390000460500ae84
:107284009199998095c124809199998095c1308074
:10729400a23db33f660100aea9002088c00242951a
:1072a4008012229734610000121041f5117901090e
:1072b400f9e37f8f1709060d170d263d373f0000b0
:1072c400e20500ae2b57018408e0018291030e3dd4
:1072d400a20200aaf30008fd330178fd073d000077
:1072e400221700aac20318e1120410e1002000ffd3
:1072f40008e009820e3d0000c6feffaa7369018002
:10730400290210880004018312000ce9010010888e
:10731400ac03bd0309002088f30c0039013b0000d5
:10732400c30032f7f3080000330108fd0039000000
:107334004a0000a6c20308e1122400e5ac3dbd3fab
:10734400661500aa12000ce9010010880039013bff
:107354000e1400a6f60c0639ce1300a6736901803c
:1073640029021088000401831200ace50200bde785
:10737400eaf0ffae08030000622700d46af6ffae0d
:107384008000a4e1c000b5e3f30008fd093d00005e
:10739400820000aac20318e1120410e1002000ffd9
:1073a4006af6ffae08030000e22500d40af6ffae39
:1073b4008900e0881200aee5ae6900002b5701a4f5
:1073c4008e0f00a6790110881e1500005f0471f865
:1073d4000357018812610000002041fd08e0198272
:1073e400330138fde13d0000820000aef1ffff8073
:1073f400f5232080a23d0000c20300ae1210aaf5be
:10740400f9e32f8ff9e33f8f840046ab070137e29e
:10741400020214e4220000ae840116ab08e01982d3
:10742400330158fd217fe23dc2f4ffae6a3d7b3f4c
:1074340086f4ffaac40243ad0b01a2e2020204e4f3
:10744400220000aec40003ad017f0000121000f55d
:107454000000a2eb4000b3ebf30008fd053d000083
:10746400220200aac20318e1120410e1002000ff66
:107474004afdffae84024aada16b0000f30008fd93
:10748400033d0000820000aac20318e1120410e1c7
:10749400002000ff2afaffae08034409421e00d46c
:1074a400440d0000aaf9ffae080344092609370970
:1074b400a21d00d4370d260d440d0000eafaffaedc
:1074c400ae15a161f30008fd033d0000c20600aa49
:1074d400c20318e1120410e1002000ff08e0198241
:1074e400330138fde13d0000820000ae611cc7801d
:1074f40015232080a23d000022feffae1210aaf543
:107504002b57018448e04082330118fd247fe23d7b
:1075140082edffae12102ef5020913090b3900009b
:107524004a0100a680122e9780136b97760987096b
:10753400c80006a209007088720d830d626173632e
:10754400d608e70807390000ceebffa6170d0000a8
:10755400c0015a95030d0000c0022395526100003a
:10756400c0102a973561447f121044f56479b60837
:10757400f9e37f8fc708b60cc70c263d373f0000e0
:1075840006eaffae8000a4e1c000b5e3f30008fd05
:10759400013d0000220100aac20318e1120410e117
:1075a400002000ffcafaffae08030000c21500d491
:1075b4004af9ffae0900a0880af9ffae08030000eb
:1075c400221500d4caf9ffae08030000c21400d487
:1075d400eae8ffaeac3dbd3fa20000ae7369018096
:1075e4002902108800040183ac03bd030addffae49
:1075f400f70c0739c6dcffa8aa7b00000200bbef2a
:107604006adcffae0610aaf5093900000edcffa6fd
:10761400caddffae020320e519001088923900008c
:10762400e20000ae020200eb160200e559001088e9
:10763400013d000007000084220000ae0300008426
:10764400010301726afeffae080003a1407e000040
:10765400574d0188e03900004a0100a6f6ff4fc5e6
:107664002e0100a6534d018853390000a20000a842
:1076740023243161090000880024f3ed8a0300a665
:10768400822023e10203017223390000ca0100a60b
:10769400533900002a0200a6534d01881339000013
:1076a4000effffa6e2ff0fc9cefeffa6774d0188ad
:1076b40014740000210040b84afeffae0a6002e5df
:1076c400ceffffa66affffae534d0188160340c5e7
:1076d40082fdffa8cf4d0188aafeffaec2ff0fc9ed
:1076e400534d0188eefcffa6834d01880afeffaed0
:1076f4006f4d01886afcffae836901840020118309
:107704002afaffaea9e10f8f022900d40800f1a1e3
:1077140001720000117f0000120042e130030000fa
:10772400320050e94a0100a6810040b809003088bf
:10773400ca0000ae127600000affffae107400000b
:10774400002053ff513d00004effffa603030172ca
:1077540002390000aafeffa6002040ff413d0000c0
:107764004affffa6111010800501708071150000fa
:10777400880024a214740000010140b8127430037c
:10778400210020b82afdffae10740000002043ff42
:10779400413d00003effffa68afdffae60030000ee
:1077a400c06156f1f1efef80f5e23780356155792c
:1077b400356900000108088085005480356900009f
:1077c400cefdffa6427606036afdffae1e723103ac
:1077d400cffff0fd130011fd021010c9ca0000a66e
:1077e400530013fd420123e1120421e10804108334
:1077f400107f0103037201721900208842001fe503
:1078040003030000229b00d4f9e31f8f003900001a
:10781400fafeffa6cbff0ffcaafeffaeaa7800aecd
:10782400470102fd570103fdf30060fd230010fd35
:10783400400046e50801f5a1670104fd770105fd57
:10784400030110fd0239033baa0000a6400046e5ef
:107854000801f5a1423d533f2e0000a8800016e127
:10786400370101fd01720000f81ff91ffa1ffb1f09
:1078740080030000f30000fd820018e1002021e5f0
:1078840002030000630128fd730138fd0800f6a11e
:107894000000a2e18001b3e3430108fd530118fd98
:1078a4000039013b1a0200a60a3d1b3fd20100a881
:1078b400230018fdf30028fd400002e50800f3a1b1
:1078c400a061b36367018afd77018bfd370182fdf7
:1078d400f9e30f8ff9e31f8f470180fd570181fd05
:1078e400bf1daf1d9f1d8f1d01720803224000d4d0
:1078f40000390000cafdffa812002ae102003be3a0
:10790400430148fd530158fd030198fdf30018fda0
:107914000439053b0a0100a6400261e58801f7a18c
:107924000001a2e54001b3e76a3d7b3f4e0000a899
:1079340042650000000191e1370189fd230048fd03
:10794400000151e54801f6a125613663670182fd16
:10795400770183fd413d000026fcffaaffff10fdd7
:10796400eafbffae0e720000c2003fe5d20d00003c
:10797400a266fdd40372017231032003400040f17a
:10798400320044e96a0100a61176200302030000d4
:1079940008a03182080c23830e0030c56effffa6b9
:1079a4000172000008601382080c21830e0010c5c8
:1079b4006affffa602030000320013e92effffa6b0
:1079c4001303000000604383f1efef80f5e22780aa
:1079d40024615479256900000108088085005480d9
:1079e400256900000efdffa6041f00008afeffaefd
:1079f400f81f800301033803400048f1320044e9d2
:107a04000e0300a6120012e183030000320040e9d5
:107a14008a0100a6a10010b809001088080300001c
:107a2400e2c8fcd408038f1d017200000860408284
:107a3400080c34830e0040c5eafeffa6127600004f
:107a44002afeffae023900006afeffa6030000848e
:107a54004824f0ed0afeffa6880024a21474100343
:107a6400610140b811760803120032e1800300007e
:107a7400210030b80afdffae08a04182080c04833f
:107a84000e0040c58afcffa612760000eafeffae97
:107a940000605083f1efef80f5e23780356165795e
:107aa400366900000108088085006480366900009a
:107ab4008efdffa6851f42761afdffae8e72f81f5b
:107ac400f91f8003910300000a2011e56a0000a653
:107ad4001b0009fc0e0000c5ae0000a6117d0803c2
:107ae40082c9fcd408659f1d8f1d037201720000ba
:107af400090220880900108882020fe502c2fcd422
:107b04001976000008a0298203000080080020bd27
:107b1400ae0100a6080340030a6024e52afeffa67e
:107b2400df0472f882021fe523243161f20122e9a5
:107b340019001088440021ad402013e92efdffa652
:107b4400040300007afeffae5f0472f8f20122e93a
:107b540019000088040020ad82022fe5212412615f
:107b6400002021eb00041283cefcffa62afdffae09
:107b74008e72400302020fe57f720000090c008838
:107b8400020200c508202182090000880e0020c5d9
:107b94000a0100a61b0001fc0e0000c58e0100a610
:107ba40014030000120001e1082021bd4a0000a6d0
:107bb400400004e503720172100300002affffaec7
:107bc40011740000030000888824f1ed4a0100a626
:107bd400082031821f0473f8f20133e91900208868
:107be400840032ad02023fe520240361802030eba3
:107bf400000403834efeffa6140351030a6035e517
:107c04006afdffa61f0473f802022fe52024026117
:107c1400f20133e919002088840032ad802020e984
:107c24006afcffa6150300007afeffae0900188f58
:107c3400013d0000820000ae007b000073690184f6
:107c440000041083f9e30f8f01720000160210e59f
:107c5400960110c5260000aef60100e9017200008d
:107c64004affffae1e72f81f8003e20982002fe56f
:107c7400a2cefdd4130018fd020111e9f9e32f8f00
:107c840001390000030002f78f1d03720172000026
:107c94008e72f81ff91ffa1ffb1ffc1ffd1fd30371
:107ca400c2036103b5030000330010fd710a000034
:107cb4000024e583130070fd00750000122000e528
:107cc40090030739260000a8190070880300008477
:107cd400720e0000081c21830900a0881900508836
:107ce400400180e10039000043a188f7d10080b849
:107cf400053900006a0400a60903df1dcf1dbf1d5e
:107d0400af1d9f1d8f1d037201720c390d3b0000c6
:107d1400ee0000a6c0010ae5a20000a880010ae561
:107d24006efeffa800202e83220002e90afeffa6b1
:107d3400197604030800f1a1100a210a3103200373
:107d44000c031d03640a560a470a0000e28700d4a4
:107d5400500300000a0300e0710e0000481e108367
:107d6400120e230e0c031d03350a0000a28600d454
:107d7400d103c0031a74470e560e350e640e00006c
:107d84004afbffae00200b83404000000004b08398
:107d94002afbffae0172000062b1fcd4a2ffffd443
:107da4008affffae1e72f81f8003e20982002fe5ee
:107db4000242fed4130018fd020111e9f9e32f8fea
:107dc40001390000030002f78f1d037201720000e5
:107dd40020030000a364018c880024a443610000f4
:107de40000200483013900009a0000a61239000023
:107df4005e0000a801181580050010800161017261
:107e0400f81f0000160810c5ea0100a6360810c5c0
:107e14008a0000a6060810c56a0100a609000088a9
:107e24008f1d017200201283420421e5f3ff11fd2e
:107e34000060008400401084000c01860008118654
:107e440019000088cafeffae006000840040108460
:107e540000200283420420e5f3ff80fdc27400d4b5
:107e640000040886cafeffae860810c50a0600a6ee
:107e7400820200a8160810c5ea0600a6620000a83f
:107e8400060810c5aa0800a6020000cd260810c5e1
:107e94002a0200a6460810c56effffa60020108324
:107ea40000200383420040e500043483f3ff00fd17
:107eb4000004018219000088023900006a0300a648
:107ec40001720000060a10c54a0200a6a20100a819
:107ed400060910c58efdffa600201383420041e56c
:107ee40002390000ca0400a600043483f3ff11fd24
:107ef4000060208300403083121f000000081383b9
:107f0400120000cd060c10c54a0000a6060f10c5cd
:107f1400aefbffa60020108300200383420430e55b
:107f2400f3ff00fd00040183aafeffae017200000e
:107f34000020108300200383420040e500043483c2
:107f4400f3ff00fd080401831900008802390000d2
:107f54001a0000a60172017200201083002003831e
:107f6400420040e500043483f3ff00fd0004018374
:107f740019000088023900001a0000a6017201727b
:107f8400006060830040708300043483f3ff01fdcc
:107f9400061f0000000807832afbffae00201083a1
:107fa40000200383420040e500043483f3ff00fd16
:107fb4000004018319000088023900001a0000a699
:107fc40001720172f81ff91ffa1ffb1ffc1ffd1f2e
:107fd4009003a2032300c1fd4300d1fd3300b1fd92
:107fe400222afed40024aae10c3900002e0000a6a7
:107ff4001200cde5090080888c3d0000e60400a84d
:1080040012000de5083d00008e0400a8f30009fdf0
:10801400330119fd013d0000a20100aac20319e1c8
:10802400120410e1002000ff083900004e0200a6ef
:10803400b60200c54a0000a6d60200c5ce0100a6bd
:108044000804b0831224aae1190080884afdffae17
:108054000903000082c0ffd41204f0e14efeffa623
:1080640008390000a20100a8df1dcf1dbf1daf1df0
:108074009f1d8f1d0172000000021be1020320e519
:1080840092390000220100ae330109fd00390000dd
:108094004a0000a6c20309e1122400e5030000809f
:1080a400081eb08309000088eafdffae08041083af
:1080b400187400001224aae1eaf9ffae8b0420fc34
:1080c4001a0012e4480012eb8f0401fd130010fda6
:1080d400420021e98a0000a6020111eb170001fd0c
:1080e400f9e30f8f01720000070102fdf70002fda2
:1080f400020000cd1e72f81f80030000424700d426
:10810400003900006a0000a6f9e30f8f8f1d037287
:1081140001720000130138fd1900208882001fe558
:10812400080300000e0003d610390000cefeffa69f
:108134008bff1ffc017f00008afeffae8202f0c1ac
:10814400f81ff91ffa1ffb1ffc1ffd1ffe1f8026cf
:108154009026a026b026c026d026e026f0260027aa
:1081640010272027302750080020b183130051fd29
:10817400750800002300c1fd430051fd45080000bf
:10818400330081fd00608284004092846601208770
:108194000a04018bc20000b842000be90e0500a6d8
:1081a4008200abe90a0500a60d0680886a0000aecd
:1081b40006801089b70000800804808312001ce543
:1081c4001900a088337d0000160033e58308000001
:1081d40002800089a60124870a20018bc20300b50e
:1081e400800208e1810c0000960110c5060300ae70
:1081f40033680184c296fcd443680180e2e9fcd46c
:108204004b033c0320031803500c0000a298fdd438
:10821400302f202f102f002ff02ee02ed02ec02e26
:10822400b02ea02e902e802eef1ddf1dcf1dbf1d62
:10823400af1d9f1d8f1d00008202f0c5017200005a
:10824400af0000808afbffae1c030000aafbffae58
:1082540043680184eafcffae800208e10a84008bd3
:10826400020100bc820c000053680184960120c501
:10827400220000ae63680184a292fcd4636801808a
:10828400cafbffae12002ae10d07008863010080db
:10829400e301008c850c0000960150c5cbc000f6ac
:1082a4002a740000881c8083217600000900e0887d
:1082b400160014870a04018b020200b28901908817
:1082c400720c023943a292f71974000002a01887b5
:1082d40002801c87090000881200d9e11900208857
:1082e4000939000083a0ddf72103d0b80903000099
:1082f4004a0500ae1e7400000200148702a5008126
:108304000a04008b62ffffb60aa4008b62fdffb66d
:10831400010000820500008201000082e5e3118271
:10832400060504850a01018bc20000b20100008227
:10833400050020820100008255033282062514853f
:1083440006241085060514851e760000cafdffaebe
:108354000ac700859008c108226800d40200048777
:108364005220048f240600000606008506071c819f
:10837400010000820500008201000082b5e3118241
:1083840006061885900c1074c10c720c023900009a
:10839400a6faffa80a07018b62faffb20100008265
:1083a400050000820100008225001282060618855d
:1083b4000ac7008b820000b80ac7008b620000b2b3
:1083c400120044e92e0000a66601188702c4108139
:1083d400028000890a20018b22f0ffb49a03000076
:1083e4000900d0880900208862080000090030884c
:1083f400120020e1190040880039000003a122f78f
:10840400ea0700ae650c0539be0000a6537b0000e8
:10841400760000a819741176ed064088190040888a
:1084240064085903400278e14d03000012006de135
:108434004a0000ae0d0f708814760000a1ff6fb8db
:1084440011761d6519749d61d561d861903900005c
:10845400020200a8020300e1850c0000960150c549
:10846400460100ae50030000020255eb160255e52a
:10847400960150c5a60000aec108b2089308a4082e
:1084840042beffd4a40c930cb20cc10c0804d083dc
:108494006a0200ae760100e1eafdffae450c000081
:1084a400520005e5093d0000e20200ae0aa4008581
:1084b400c108b2089308a408225d00d402001887fa
:1084c4005200008f0006c10cb20c930ca40c0039ae
:1084d4008ef9ffa6437b000036faffa812004de197
:1084e40006c5188506c410810100008205000082bb
:1084f40001000082b5e31182060514851374d403c8
:10850400400248e1a1fc2fb8620c0239ae0100a67a
:108514000d3900000e0a00a8730c0339ce0900a817
:1085240012000be98e0900a6ed06408840020de119
:10853400086104650d174088c1ff0fb89d61197467
:10854400dd791d61400208e1030000900804048302
:10855400450c0000120025e5881c848309007088fe
:10856400e73d0000460000a8ee7b0000190070887b
:10857400090060884000d6e5120042e50e3900008b
:108584006e0400a6100056fb220400a8b700008465
:10859400af000094073900004b0171f6081d878372
:1085a4002276000043010090c3010084830c000084
:1085b400960130c54bc044f6800018e108041483ca
:1085c400923d0000260000a82278fcd432000be97a
:1085d400203900009e0100a622009de55e0100a84e
:1085e40008030000a2cafcd408610000000018e5da
:1085f4001a3d0000860200a8290300000903108820
:10860400800208e1c269fcd4ce0308036adfffae2e
:1086140024030000716666806522438080134495bc
:10862400252000008803f4a1400144e5a9005088f6
:1086340054150000800335e50a0333e0881c838366
:10864400e40316746af9ffae0840208212001de5a7
:10865400481c0283aafcffae02010be92af7ffa61d
:1086640019740000ed064088caf6ffaef81f00003a
:1086740009230288825afcd4800300392a0200a606
:108684008922208809001088a265fcd4a3c700822f
:10869400b70080fdc3240282c70080fd034201822b
:1086a400770080fd531f0282170180fdff030080c5
:1086b4004f0380fd820008e1060708e109000288f3
:1086c400370080fd08038f1d017200006103000064
:1086d400130020fd220012e909003088133d000038
:1086e4008e0000a6030130fdc20310e1c02041e565
:1086f40034030000530050fd630040fd400104e5d5
:10870400036100000800f1a1601f000000086183fc
:10871400060022e909000088203d00008a0000a626
:10872400543d000007000080260000ae03000080d6
:108734000172000030032103130011fd020211e94c
:108744004e0000a6120300000a84ffae007f000062
:10875400420312e1002011fd103d0000fa0000a6c2
:10876400530012fda30042fd143d0000720000aa54
:10877400420142e1120441e108041383017213032c
:1087840002030000ea1f00ae01720000035d0180d5
:108794000172000001720000020000cda2ffffd4ac
:1087a400090010889369018000200083021800d416
:1087b40009001088335b018000200083821700d4f5
:1087c4000900108893690180002000830a1700ae15
:1087d4004e72f81ff91ffa1f8003a1039203910937
:1087e400330010fd09000088103d00001fc010f880
:1087f40000440000800000e5a0090000230008fdfb
:10880400b009c10929002088c2011fe5002008839e
:10881400a21200d400390000e20000a8820110e98d
:10882400820011f1130028fd126b0000170081fd76
:1088340090030000ea0100aea20d203d82ffffaad2
:10884400230018fdf70081fd02650000060028e101
:10885400000421e1330008fd00390000aa0000a64d
:10886400c20308e1120401e1a96100000820118299
:10887400ffffa1fd0903af1d9f1d8f1d0372017230
:10888400f81f800300200083c273ffd4f9e32f8f05
:10889400f9e33f8f0039013b8a0000a8130008fd6b
:1088a40030400000170080fd061022f50203130378
:1088b4008f1d0172f81ff91ffa1ffb1f8003b303fa
:1088c400a2039103130010fd020211e90a0100a69c
:1088d400530010fd630020fd123d0000060100aeb0
:1088e40009000088a70080fd670080fd570080fd17
:1088f40019032a033b03080322fcffd40a0100ae38
:10890400b30030fd061012f50e0003d6530028fd07
:10891400f9e30f8ff9e31f8f023900000efeffa663
:10892400bf1daf1d9f1d8f1d01720000f81ff91f91
:10893400fa1ffb1f8003b303a20391031139000044
:10894400ae0000a6030100fdc20318e1002021e5ea
:108954008800f1a1a265b167130008fd020200e9d5
:108964000a0100a6530028fd630008fd203d000015
:10897400c60100ae09000088a70080fd670080fde5
:10898400570080fd19032a033b03080382f7ffd431
:108994000039013b8a0100a809000088070180fd15
:1089a400f70080fd061000f52a0100aeb30038fd83
:1089b400061012f5080300000e0003d6530008fd4c
:1089c400003900006efdffa6f9e30f8ff9e31f8f56
:1089d400bf1daf1d9f1d8f1d01720000017200009d
:1089e400a35e018001720000f81f80038b0420fc49
:1089f4001a0012e4480012eb8f0401fd530010fd2d
:108a0400630020fd123d0000620000aeb30030fda3
:108a1400061012f50e0003d609000088a70080fd99
:108a2400670080fd570080fd130008fd220010e957
:108a34008a0000a6020100eb170080fdf9e30f8f06
:108a44008f1d0172820028e1330018fd402012e1dd
:108a5400070181fdf70081fd3f0030f8007b000035
:108a6400eafeffaeaae9ffaef81ff91ffa1ffb1fcb
:108a7400b00381030900a088120092e11900008864
:108a84000239000003a099f7610090b80a03bf1de2
:108a9400af1d9f1d8f1d0172130028fd0020188338
:108aa4000b0300004209fcd4a0618874cafeffae27
:108ab40009002088023d00009a0000a6730030fde2
:108ac400323d00003a0000a60e0003d62003020344
:108ad40001720000061000f501720000f81f00008a
:108ae400890300880237fcd4800300392a0100a6d8
:108af40089032088090010882242fcd4a3c700827d
:108b0400b70080fde3220282c70080fdff030080de
:108b14004f0380fd08038f1d017200006adaffae67
:108b2400c30040fd0a0004d6530050fd630040fd1d
:108b3400400124e58800f3a1121f000000081383fc
:108b4400130010fd060011e909000088103d000023
:108b54008a0000a6543d000007000080260000aef5
:108b640003000080017200000adbffaeb30040fd89
:108b7400043900002a0000a60a0004d6002000835d
:108b8400ea0efcae1e72f81f800300008ffff1fd99
:108b9400a30010fd01390000ca0100a6530018fd0e
:108ba400a30008fd103d0000060200aab30038fd32
:108bb4001900208882001fe5080300000e0003d678
:108bc40010390000ce0000a68bff1ffc017f0000bf
:108bd4008a0000ae020200d400390000eafdffa6bc
:108be400f9e30f8f8f1d0372017200008bff2ffcbe
:108bf400027f0000420338e1002033fd033d000002
:108c04004afdffa6420138e1120431e1080412834f
:108c14008afeffae020000cdf81f8003e2a4ffd459
:108c240000390000ce0000a6230018fd670081fd76
:108c3400570081fd820228e1330038fdc00421e1a0
:108c44008f1d017207060006e20200d41003000023
:108c540009000088744600008e0100a62438000034
:108c6400860100aea60000aa30220000470031e0d1
:108c7400023850c14525c124c122156b0204f7e511
:108c8400160000a6f143000411040172e6010087f6
:108c940001720000b601008707390000260000a613
:108ca4000601008701720000080075a39024902239
:108cb400f20f50c90a0100a61a04f5e14a0000a601
:108cc40070430000220040cc003900002a0000a6b6
:108cd400020840cc420040cc003900004e0000a6ff
:108ce400120040cc120055e4002d0000180070c79b
:108cf40086ffffaa220040cc6e72000082000ee1c3
:108d0400000c0086000810860e030000420f00d4f9
:108d1400403900008a0200a6060200ae10390000a5
:108d24008a0200a6450e540e021022f723007efc90
:108d3400023870c4d611326a120025e9442b553525
:108d440091ff6fb8821100d4170600001800f7c70e
:108d5400160000aaf04300040372017201000080af
:108d6400c5e303800affffae0100008085e30380b2
:108d7400aafeffae090000886afeffae2e72f81f3d
:108d8400f91ffa1ffb1ffc1f01005088061066f52f
:108d94000920c088852c0000c801faa30900b08806
:108da400a86a0000800186e1c00197e39809a90937
:108db4004800f8a3121088f5960da70d866b976be3
:108dc4000061116305380000c60200a8000262e1d8
:108dd400400273e3263d373f060200ae5a020538cf
:108de4006a0000a81900808809009088086b196b34
:108df40001fdcfb805380000260000a86261736346
:108e0400043900002e0000a606031703cf1dbf1d62
:108e1400af1d9f1d8f1d03720172000012005ae0e6
:108e2400dafdffae000262e5400273e7823d933f44
:108e3400070000a0260000aa030000a0800258e456
:108e4400dafcffae190040888af9ffae09004088b9
:108e54004af9ffaef81f0039013b0000c60100a823
:108e6400007b0000020011ef190080880239033be7
:108e7400660000a8227b0000020033ef090080880e
:108e840002feffd4083900004a0000a6007b00005f
:108e9400020011ef8f1d0172090080880239033b23
:108ea400e6feffa8227b0000020033ef1900808851
:108eb4006afeffaef81f0239033b0000460000a81b
:108ec400227b0000020033ef090080880039013b57
:108ed400660000a8007b0000020011ef19008088e2
:108ee40042fbffd4083900004a0000a6007b0000c2
:108ef400020011ef8f1d0172820010e100604183b6
:108f040000205183480142a3ffff3f9c57690000a2
:108f1400f27f20c90a0100a6f67f20c4ee0100a654
:108f2400000135eb0108008005001080ee0100a669
:108f340041100000aa0100ae000135eb9e0000a61e
:108f4400001414830014158307000084ea0000aea3
:108f54002276446155634547aaffffa645430000b6
:108f6400001414830014158321100000070001fc71
:108f7400270002fc0102017263000084120007e46e
:108f8400460100a80300009c9bffff87013c0000f2
:108f94002e0300a8326b0000120025e9552b0000b7
:108fa400120000e06effffa63f000084120005e9f6
:108fb400036b0269ca0000a61574154d8a0000a649
:108fc400120077e0060110c42e0000a6552b000005
:108fd400f60f70c4c60000a877250000f1ffff80db
:108fe4007500208025690000c00102eb01720000b9
:108ff4000100f88075007080070301724e72000052
:10900400c1ff2f86d1ff3f8602061306f9e30f8fb7
:10901400f1ffff80f5e313802069316920063106f2
:109024000900408801000080050054800469156926
:10903400800040ebc00051eb04041504037201727c
:109044002e72000611060000f9e32f8ff1ffff8056
:10905400f5e3338020693169020413040372017259
:109064004e720000e1ff0f86f1ff1f860206130611
:10907400c80040a309001088f27f00c9264300c538
:10908400a20500a8660108870a40008b420500b0cb
:109094000100008205002082010000823503328233
:1090a4000239033b260200a8062000810220008129
:1090b400e1ff2f84f1ff3f8406200081e63f00c5d5
:1090c400020200a8c1ff0f86d1ff1f866601008738
:1090d4000239033b460000a81600008706000089f9
:1090e400e1ff0f86f1ff1f866a0200aee1ff6f8485
:1090f400f1ff7f8402230081062000810660008145
:10910400cafdffaee1ff2f84f1ff3f840201048119
:10911400e1ff2f86f1ff3f860a40008bc20000bab0
:1091240016000087e1ff2f84f1ff3f8406010481cc
:10913400e1ff2f86f1ff3f86e1ff0f84f1ff1f84db
:10914400037201724e72f81ff91ffa1ffb1f000011
:10915400a1ff0f86b1ff1f8681ff2f8691ff3f86f7
:1091640028063906000228e1400239e30239033bac
:109174000a0100a60a21008bc20000bd04061506e0
:10918400480140a309001088f27f00c9f67f00c59a
:10919400ae0100a6a1ff2f84b1ff3f8481ff4f845d
:1091a40091ff5f84064100850a000485a1ff2f8694
:1091b400b1ff3f86a1ff0f84b1ff1f84bf1daf1d08
:1091c4009f1d8f1d03720172000164e1400175e36c
:1091d400263d373fc60000aacefeffa666010087e3
:1091e400a1ff2f84b1ff3f8406010485eafdffae91
:1091f40000390000ce0400a624033503c324000074
:109204008b00c2e00239033bc60300a8100010fb28
:10921400440113ad4b0042e2020261e4220000aebd
:10922400c40063ad480246a309007088f27f60c998
:109234008e0400a6b903a803cb2400008b02cae065
:109244000a390b3b860300a8100016fb44021bad31
:109254004b008ae2020271e4220000aec4027bad3c
:10926400000016e51174603d820000a8f1ffff8044
:10927400f5e37380673d00002e0400a619001088f2
:10928400ea0300ae1076226133630000aafbffae4e
:10929400f9e3af8ff1ffff800500b08000016ae9b8
:1092a40040017be90900208801000080150030801e
:1092b400266b376b6afbffae1676aa61bb630000b0
:1092c400eafbffaef9e3af8ff1ffff800500b0804a
:1092d4008a699b690900a088010000801500b0809c
:1092e400a86bb96bcafbffae0639073b4a0000a85e
:1092f4004af7ffa626033703226133631076000082
:1093040080006ae5c0007be7e1fe1fb80639073b31
:109314004a0000a82af6ffa626033703c80046a37e
:10932400090070880639073b8a0200a6003900004c
:10933400ae0200a80900608801000080f5e3778090
:10934400626173630800f1a1080041a50900008867
:10935400606b716b090000880100008005001480b7
:1093640040695169000126eb400137eb0204130404
:10937400a1ff0f86b1ff1f86caf1ffae22613363de
:1093840010760000aafcffae100000fb840006abc0
:10939400070037e20202b0e4220000ae8401b6ab5b
:1093a4008afdffae1e720000f60700c52e0200a85b
:1093b4000100008205e3138206100084f60310e521
:1093c400f60710c5ce0000a80610008429802f8f50
:1093d400800010e1f9230088f60710c5038011f717
:1093e400f60311e17125f10911040000061000844f
:1093f40003720172e607f0e1a60100a801000082f1
:109404008560108206100084660210e1e607f1e12f
:1094140066feffa806100084c9602088800010e161
:1094240029c00f8f103d000003a011f78afdffae85
:10943400100300004afdffae2e720000f63f00c587
:109444000e0300a8010000820500208201000082b2
:10945400e5e333820620008519002e8f800010e199
:10946400f63f10c5ce0000a80620008529003c8fd9
:10947400c00010e1f9e30188f63f10c5038011f73d
:10948400f9e32188800001e10800f1a13103200300
:10949400880043a50900208822043304062000859f
:1094a4000372017229002e8f023d0000e60100a81c
:1094b40001000082050020820100008265033082e1
:1094c4000620008599e03188c00010e1123d0000bb
:1094d40066fdffa80620008529c13388c00010e17d
:1094e400123d000083a011f7aafcffae1003000098
:0494f4006afcffae61
:020000040000fa
:0200000400807a
:1094f8000e72000083000180002010838300018029
:10950800130000fd01610372017200001e72000069
:109518000004e08300200e83426a02d40039000070
:109528004e0000a6090000884a0000ae00200e8305
:10953800430000fd037201721e7200000004e08304
:1095480000200e83c26602d4003900004e0000a637
:10955800e60100864a0000ae00200e836100008408
:10956800037201720e72000039010088f01f0000ba
:1095780079000088f01f000019000088f01f000023
:1095880013400682f01f000073670180c2cbfbd432
:109598000f77000073670180037201722e72f81f43
:1095a8000004e083110a0000090010884024feed41
:1095b8004a0000a6100e00394e0000a619000088c7
:1095c8008a0400ae100e00000024feedce0100a6b5
:1095d80009000088ea0300ae00200e8308200082fc
:1095e8000e0000c54e0000a6090000882a0300ae40
:1095f8001224eee142000ee142001ee1122401e1d4
:1096080000201083110a000000200e830820008229
:10961800007f0000a280fcd48003100e0820008286
:10962800007f00002280fcd4803d00004afdffa698
:1096380000200e8308200082007f0000627ffcd497
:109648008003100e08200082007f0000e27efcd418
:10965800000200e58f1d0372017200004e72200a9d
:10966800310a0000090000880004e083090000882e
:10967800100a200e003900004e0000a609000088dc
:10968800fa0100ae200e00006245fcd41204e0e1ad
:10969800300e00000020108300200e830e0001d63b
:1096a800100a100e003900004e0000a609000088bc
:1096b8007a0000ae00202e83210e100e02e3fbd4a8
:1096c800100e0372017200001e7200000004e08395
:1096d800090010884024feed4e0100a67368018041
:1096e800334700860004018383680180a345008610
:1096f8000004018393680180c34a00860004018343
:10970800ca0400ae736801803347008600040183f1
:1097180000200e8300200083003900008a0000a684
:1097280000200e83002010837368018000040183e9
:1097380083680180a34500860004018300200e830e
:10974800130000fd003900008a0000a600200e83e7
:10975800130010fd83680180000401839368018071
:1097680009001088000401837368018000201083b9
:1097780033470082103d00000e0100a68368018077
:1097880000201083a3450082103d00006e0000a653
:1097980093680180c34a0086000401830372017242
:1097a8002e72100a100e0000002010830902008893
:1097b8000e0001d60004e083090010884024feed65
:1097c8008a0000a6090220880900108800200e835c
:1097d80042dbfbd400200e83037201722e72100a42
:1097e800090000880004e083ba0600ae100e0000ed
:1097f8000024e083100e0000330010fd098000886b
:1098080001690039ee0000a6100e0000230000fddb
:10981800003900006a0000a6100e0000230000fdb9
:10982800c2fdffd4100e0000330010fd098000882f
:10983800016900398e0100a6100e0000430000fdea
:10984800003900000a0100a6836801800020108307
:10985800100e0000430000fd0e0001d6100e00009f
:1098680009001088470001fd100e0000330010fdac
:1098780009000188016900398e0100a6100e000058
:10988800730000fd003900000a0100a6836801800a
:1098980000201083100e0000730000fd0e0001d69a
:1098a800100e000009001088770001fd8368018010
:1098b80000201083100e00000e0001d600201e8329
:1098c800110a100e003900000ef9ffa600010372fc
:1098d800017200000e720000bb000080037201726a
:1098e800ae72700a810a000009001088910a910e70
:1098f800310a000009000088600a0000a2feffd4b7
:109908000f01e0fd090000880004e08309000088d9
:10991800100a000009000088200a800e00390000a3
:109928008a0000a6800e0000002000830039000095
:109938004e0000a6090000880a1300ae090000883e
:109948000004e083aa0400ae800e0000002010830b
:10995800800e0000230020fd00200e8302610161bb
:1099680008200082007f0000960300c5220100a89d
:10997800060300c5660100a8d60200c52a0100a694
:10998800e60200c5aa0100a6b60200c5aa0000a604
:109998008a0300ae560400c54a0000a6560600c554
:1099a8000e0300a642000ee142001ee1122401e16e
:1099b80000201083110a0000ea0000ae42000ee108
:1099c80042001ee1122401e100201083110a000068
:1099d80019000088200a00011224eee1800e0039e7
:1099e8004a0100a6800e0000230010fd00200e830f
:1099f8001061800e130000fd103d000046faffaa1a
:109a08004a0000ae000100001a0000ae0001800efe
:109a1800430010fd42000ee1122000e10e0001d6c5
:109a2800500a500e003900004e0000a609000088b8
:109a38004a0b00ae800e000000201083800e00004c
:109a4800230000fd0161120e1003500e82c6fbd4e4
:109a580042010ee1110e0000402000e103000084e5
:109a680008040183200e00394a0200a60900008874
:109a78000004e0838a0100ae42010ee100201e834b
:109a8800402000e108200082ee0200c5ae0000a6da
:109a980042010ee100201e83402000e10b011efc64
:109aa800080401831224eee1100e00000024feedec
:109ab80026feffaa82010ee11003500e6251fcd46b
:109ac80031000e86600e510e103d0000ce0000a63b
:109ad800800e0000530010fd500e00000e0001d64d
:109ae80009000088aa0500ae700e0000610000841d
:109af80031000e846100008631001e84010000825e
:109b0800056302828a00008a220000b6aa0000ae1d
:109b1800700e0000f1ffff80f5e31380570001fd90
:109b2800ea0100ae31001e8401000082056306824e
:109b38008a00008a220000baaa0000ae700e000057
:109b48000100008005001480570001fd8a0000ae66
:109b580031000e845200048e2106700e570001fd5c
:109b6800700e000089001088370001fd800e00008b
:109b7800230010fd600e2003500e0000800000e559
:109b88001061800e270001fd800e0000530010fdbb
:109b9800500e00000e0001d61900008803720172f1
:109ba8002e7200000004e08311000e8611001e844e
:109bb80001000082056302828a00008a220000b642
:109bc800aa0000ae00200e83f1ffff80f5e31380aa
:109bd800570001fd0a0200ae11001e840100008238
:109be800056306828a00008a220000baaa0000ae35
:109bf80000200e830100008005001480570001fd3d
:109c0800aa0000ae11000e845200048e2106000046
:109c180000200e83570001fd00200e8361000084a0
:109c280011000e846100008600200e83610000840c
:109c3800037201725e72300a410a0000090000884e
:109c48000004e083300e00394a0100a6300e0000ff
:109c5800330000fd020100e900390000aa0000a657
:109c6800300e0000330010fd0980008801690039ba
:109c78004a0000a6090000882a0700ae300e00003e
:109c8800430000fd003900004a0000a6400e0039dc
:109c98004e0000a6090000882a0600ae400e00000b
:109ca800a214fcd4100a300e430000fd4214fcd468
:109cb800200a110e200e103da60200ae02010ee190
:109cc800110e0000402010e1300e0000430000fd9e
:109cd800103d0000e60000aa300e0000430010fd11
:109ce800200e0161410e103d460000ae09000088bb
:109cf8006a0300ae300e0000430000fd410e000074
:109d080042befbd4300e0000430000fd8a0200aec4
:109d180073680184400e000002caffd40004e08387
:109d2800090010884024feed4e0000a609000088b6
:109d38006a0100ae300e0000430000fd003900004b
:109d48006a0000a6300e0000430000fde24b02d47a
:109d5800300e000000201e83470001fd00200e8306
:109d6800037201724e72200a310a0000090000884d
:109d78000004e08309000088100a200e0039000062
:109d88008a0000a6200e0000002000830039000091
:109d98004e0000a609000088ea0e00ae200e000062
:109da800130000fd003900000a0100a6200e000083
:109db800230010fd200e0000130000fd103d0000e0
:109dc800460000aa090000886a0d00ae300e00396e
:109dd800460000a809000088ea0c00ae200e00002a
:109de800230010fd300e1061c2000ee1120401e1e3
:109df80000201083310a200e130000fd310e103da3
:109e0800c60000ae200e000000201083200e0000c7
:109e1800230000fd01610000ea0a00ae200e0000e8
:109e2800430000fd003900004a0000a60900008830
:109e38002a0a00ae310e0000f1ffff80f5e3018031
:109e4800103d0000020100ae300e00398a0000a863
:109e5800f1ffff80f5e30380100a00007a0000aeee
:109e6800090000888a0800ae300e0061100a200e32
:109e7800830000fd00390000ea0200a6200e000061
:109e8800830020fd200e000000200083110e00003a
:109e98000e0002d60004e083090010884024feed7d
:109ea800ce0500a6200e0000730010fd200e000055
:109eb800002000830e0001d6200e00000900108843
:109ec800170001fd200e000009001088000401831e
:109ed800090000880a0500ae200e0000630010fd8e
:109ee800100e00000e0001d60004e083090010885f
:109ef8004024feedae0100a6200e0000730010fd08
:109f0800200e0000002000830e0001d6200e000065
:109f180009001088170001fd200e000009001088b4
:109f280000040183090000886a0200ae200e0000c8
:109f3800230000fd1074210e00201183200300006f
:109f480000200e83c29efbd4200e0000730010fd7b
:109f5800200e0000002000830e0001d6200e110ef6
:109f6800170001fd200e000000240e83200e0000c3
:109f7800230000fd00200ee1037201722e72f81f0b
:109f8800100a0000090000880004e083100e003960
:109f98002a0200a6100e00000020008300390000ed
:109fa800aa0100a6100e000000201083100e000069
:109fb800230000fd0004e1e1100e0000230080fdf5
:109fc80000200e8382fbfbd4000018e1100e000075
:109fd800270001fd1a0000ae00018f1d03720172f7
:109fe8003e72000011000e8621001e8611000e84ac
:109ff8000200028821000e84020000888a00008a7c
:10a00800220000b46a0000ae11000e84020000882d
:10a018004a0000ae21000e840200008800040e866b
:10a0280011001e8421000e84860000800200028830
:10a0380000202e840100008205a001820601008410
:10a04800070000808a00008a220000ba030000800e
:10a05800007f037201720000fe72c00ad10a00007c
:10a0680009000088200ac00e31000e8461000084b7
:10a0780031000e86090000880004e083090000888a
:10a08800100a000012010ee19f7300000d0c0088f9
:10a09800a0770000e2c1ffd40f01e0fd090010889d
:10a0a800e10ae10eb10ad00e003900004e0000a608
:10a0b800090000888a0f00ae31000e840a00008a69
:10a0c800420100bd31000e840200028807000080b2
:10a0d800a60100868a00008a220000b503000080dd
:10a0e800004400000e0000c5ea0000a612011ee1af
:10a0f800333a0682f01f0103a26efbd44f760000ac
:10a108000004e083ca0500aec00e0000530000fd45
:10a11800000400000a00008e31001e848a00008ab4
:10a12800420100b2c00e0000530000fd12011ee102
:10a13800f01f0000533a0682f01f0103826cfbd423
:10a148008f7600000004e083aa0300ae12011ee12e
:10a1580031000e8400260000633a0682f01f0103d6
:10a16800626bfbd48f7600000004e08312011ee1cd
:10a17800c2020ee1f01f0000833a0682f01f0103bd
:10a188004272fbd48f761039ae0000a6b1000e845f
:10a1980031001e8442f2ffd4003900000e0100a6ef
:10a1a80012011ee131000e8400260000933a068257
:10a1b800f01f0103c268fbd48f7600000004e0831f
:10a1c800090010884024feed6a0000a89901108853
:10a1d8004024feed4e0000a8090000884a0600aea3
:10a1e80000200e8310741003d00e0000a2dbffd4f1
:10a1f800200a200e003900004e0000a60900008841
:10a208002a0500ae09000088100a00000a0300ae03
:10a2180012010ee1110e0161082000820b011efce3
:10a22800080010bdce0000a682000ee1110e00004d
:10a23800402000e1bb00008408040183ea0000ae6e
:10a2480082000ee1110e0000402000e112011ee123
:10a25800120e1261082011820804018342000ee1e7
:10a2680042001ee1122401e100201083110a0000bf
:10a2780000200e83110e103da6fcffaa82000ee1fd
:10a28800110e0000402000e103000084080401834f
:10a29800d00e0000230010fd00200e831061d00ea8
:10a2a800270001fd19000088037201723e72200a1e
:10a2b800090000880004e08309000088100a0000f3
:10a2c80009000088100a00005a0900ae82000ee159
:10a2d800110e0000402000e108200082fe0200c5a7
:10a2e800e20100ae82000ee1110e0000402000e104
:10a2f800082000829e0300c5260100ae82000ee100
:10a30800110e0000402000e108200082007f0000bc
:10a3180000201e83016100000207e0e58a0500ae07
:10a3280082000ee1110e0000402000e108200082aa
:10a338000e0400c5e20100ae82000ee1110e00001d
:10a34800402000e1082000826e0400c5260100ae0e
:10a3580082000ee1110e0000402000e1082000827a
:10a36800007f000000201e83016100007207e0e505
:10a37800ea0200ae82000ee1110e0000402000e16a
:10a38800082000820e0600c5e20100ae82000ee140
:10a39800110e0000402000e1082000826e0600c572
:10a3a800260100ae82000ee1110e0000402000e1ff
:10a3b80008200082007f000000201e830161000049
:10a3c8007605e0e54a0000ae09000088aa0100ae63
:10a3d800100e2039660000ae00200e8340240000d5
:10a3e8000004e08342000ee142001ee1122401e174
:10a3f80000201083110a100e3039000062f6ffaefb
:10a4080000200e83037201729e72600a710a820a2a
:10a41800090000880004e08309000088200a610e12
:10a42800310a0000030000804f00e0fd03000080b7
:10a438005f00e0fd030000806f00e0fd0300008086
:10a448007f00e0fd710e300e400000e5503900003d
:10a458006e1100a8c2000ee1222000e162f2ffd4d2
:10a46800200a200ef6bf0dc5620000ae200e0000c7
:10a47800f6ff0dc5821000ae200e0000f67f0dc558
:10a48800a20500ae200e0000f6bf0dc5460500aec1
:10a4980002010ee1c2001ee1622401e100201083e6
:10a4a800410a000009000088500a000033000080bb
:10a4b8006f00e0fd710e400e400000e550390000cd
:10a4c8006e0e00a8400e000008200082ce0500c5d0
:10a4d8002e0e00a602010ee1122000e108200082e3
:10a4e8005e0700c58e0d00a602010ee1222000e1e4
:10a4f800c2edffd4500a500ef6bf0dc5020d00aed6
:10a50800500e0000f6ff0dc5a60c00ae200e000090
:10a518000800a1a401c0ff80050000801069520e48
:10a52800f9e301880269106b0100108005000080c2
:10a538000004e1e18a0000ae1b0000806f00e0fd2e
:10a5480082001ee10024e183f92310884024feedf7
:10a55800660000ae070000804f00e0fd2a0300ae51
:10a56800f9e313884024feeda60000ae0b0000803e
:10a578004f00e0fd030300807f00e0fd2a0200aeeb
:10a58800f1ff0f80050010804024feeda60000ae0c
:10a598000f0000804f00e0fd830300807f00e0fd96
:10a5a8000a0100aef1ff0f80150000800024feedc7
:10a5b800a60700ae130000804f00e0fdc303008033
:10a5c8007f00e0fd4b000efc1a0000e45f00e0fd98
:10a5d800ea0100ae00200e8308000082fa0310e9a9
:10a5e800800e00000020208352000ee1002000ffb2
:10a5f800026171420804018300200e83602200007a
:10a608000004e0835b000efc1a0000e45f00e0fd3c
:10a618005b000efc0e0000c5cefdffa64b000efc35
:10a628001e0000c5020100ae00200e830800208233
:10a63800800e0000002000837b001efc880011ebc8
:10a6480008040183ca0000ae00200e8308001082af
:10a65800800e000000200083714000000804018380
:10a66800800e00000020108342000ee1002000ff51
:10a678001061800e000401836b000efc8a0100ae9d
:10a68800000100002a0100ae00010000ea0000ae4f
:10a6980000010000aa0000ae000100006a0000ae40
:10a6a800000100002a0000ae000100000300008045
:10a6b800037201729e72700a810a800e0020108354
:10a6c800800e0000230000fd107400000004e1e18a
:10a6d800800e000000202083800e0000230000fd73
:10a6e800120010e142000ee1400402e10020108354
:10a6f800110a000009000088600a000009000088ab
:10a70800200a800e00201083800e0000230000fd28
:10a7180001610000082000822e0200c50e1800a664
:10a7280009000088500a000009000088300a00006b
:10a738005a0300ae100e000008200082ce0500c5a6
:10a748004e0200a6110e800e00200083400000e596
:10a75800120010e1800e0000130000fd103d000003
:10a76800221600aac2000ee1c2001ee1122401e175
:10a7780000202083320a000042000ee142001ee160
:10a78800122401e100201083110a000042000ee1aa
:10a7980042001ee1122401e100202083120a110e5a
:10a7a800800e0000002000831065800e130000fd5d
:10a7b800103d0000820000aa100e00000820008250
:10a7c8002e0200c56efbffa6110e800e002000832e
:10a7d8001065800e130000fd103d0000821200aad3
:10a7e800100e0000082000822e0200c50e1200a6de
:10a7f800120e800e00201083800e0000230000fd42
:10a8080001610000800010e5c2000ee1402020e553
:10a818000203500a800e0000430010fd42010ee1c1
:10a82800122000e10e0001d6200a200e0039000097
:10a838002a1000a6210e610a6a0c00ae00200e83c1
:10a8480008200082ce0500c50a0100a600201e834c
:10a858001204e1e1600e0000120020e1620a00002b
:10a868000820118208040183ea0a00ae0b00008068
:10a878000f01e0fd110e000000200e83400000e5ee
:10a8880000390000ce0d00a812200ee10820008239
:10a89800007f0000660600c50a0400a6660600c51b
:10a8a800820100a8f60200c58a0600a6f60200c5c5
:10a8b800620000a8260200c50a0600a65a0c00aecf
:10a8c800c60500c5aa0500a6260600c5aa0100a659
:10a8d800ba0b00ae260700c58a0300a6260700c5e6
:10a8e800620000a8e60600c54a0200a6da0a00ae21
:10a8f800460700c56a0300a6560700c5ca0400a695
:10a908003a0a00ae600e0000120010e1610a000071
:10a9180023000084080401830a0500ae600e0000cd
:10a92800120010e1610a000033000084080401836a
:10a938004a0400ae600e0000120010e1610a000037
:10a948002b000084080401838a0300ae600e000017
:10a95800120010e1610a0000370000840804018336
:10a96800ca0200ae600e0000120010e1610a000089
:10a9780027000084080401830a0200ae600e00006c
:10a98800120010e1610a000000201e831b0011fc68
:10a99800080401832a0100ae82010ee12003110e92
:10a9a80000200e8302d3ffd40f01e0fd0b010efc43
:10a9b8000e0000c58a0400a60001000002010ee195
:10a9c800002000ff0024eee1100e00000024feed40
:10a9d80046f3ffaa600e0000030000840804018308
:10a9e800700e000009011088370001fd700e220e5c
:10a9f800470002fd110e800e002000831065800eb6
:10aa0800270001fd800e0000230000fd120010e168
:10aa1800800e0000270001fd190000888a0300ae9f
:10aa2800000100001a0100ae00010000da0000aecb
:10aa3800000100009a0000ae000100005a0000aebc
:10aa4800000100001a0000ae0001200e00390000cd
:10aa5800ca0000a6800e0000530010fd200e000062
:10aa68000e0001d609000088200a0000090010889d
:10aa78004024feedaa0000a600201e83800e0000e0
:10aa8800002000831065800e270001fd0900008862
:10aa9800037201727e72500a610a00000900008880
:10aaa8000004e08309000088300a000009000088db
:10aab800100a000009000088400a00000900008808
:10aac800200a600e003900004e0000a60900008828
:10aad8000a1b00ae500e00398e0200a639001088fd
:10aae800600e0000e293ffd4300a300e00390000f7
:10aaf8004e0000a609000088ca1900ae300e0000fa
:10ab08008b00008408040183107400008b0000840b
:10ab18000804018310740000030000840804018302
:10ab280010740000190000884a1800ae42011ee1a6
:10ab38000024e183aa0300ae00200e8308200082cf
:10ab4800007fd039a20000a8c0390000e60000a8a4
:10ab580080762039660100ae8a0000ae260200c564
:10ab68004a0000a6c60500c5ce0000a682000ee178
:10ab780082001ee1122401e100202083220a000045
:10ab88002a0100ae00200e8308200082fe0100c5c5
:10ab9800960000ae82000ee182001ee1522401e11f
:10aba80000201083210a00011224eee100200e8308
:10abb800082000820e0000c5eefbffa600201e83c1
:10abc800500e0000400020e502010ee182001ee167
:10abd800802401e100202083420a000002010ee1e6
:10abe800322000e11003600ec28bffd4300a300e11
:10abf800003900004e0000a609000088aa1100ae26
:10ac0800200e0039ae0200a6300e00008b00008432
:10ac180008040183c2000ee1122000e1420e510e29
:10ac2800e237fbd402010ee1122000e1c2001ee16e
:10ac3800002001e18b0000840804018302010ee179
:10ac4800222000e1c2001ee1002001e1030000848f
:10ac58000804018319000088ca0e00ae300e0000f7
:10ac68008b0000840804018342000ee1c2001ee14b
:10ac7800122401e100201083110a000042012ee194
:10ac88000024e2834a0b00ae00200e8308200082d5
:10ac9800fe0100c5a20100ae00200e83082000823c
:10aca8002e0200c52a0100a600200e83082000827b
:10acb800ce0500c5aa0000a600200e830820108239
:10acc800100e0000080401836a0800ae110e00008f
:10acd80042000ee1120401e100202083120a000064
:10ace800730100800804108300200e83082000826e
:10acf800007fc0398a0300a6c0390000e20000a81e
:10ad0800903900008a0400a6a03900004a0300a672
:10ad1800803900000a0200a66a0400ae260200c5b7
:10ad28002a0100a6c60500c56a0000a6d0390000a1
:10ad3800aa0200a68a0300ae100e00007301008468
:10ad4800080401838a0400ae100e00008b00008402
:10ad5800080401830a0400ae100e00008b01008471
:10ad6800080401838a0300ae100e00009b010084d2
:10ad7800080401830a0300ae100e0000bb01008422
:10ad8800080401838a0200ae100e0000cb01008483
:10ad9800080401830a0200ae100e0000d3010084eb
:10ada800080401838a0100ae00200e830820008277
:10adb800007ff01ff3400682f01f100e8208fbd4bc
:10adc8008f76000042000ee142001ee1422401e1bc
:10add80000201083110a00011224eee142000ee166
:10ade80042001ee1122401e100202083120a000023
:10adf80000200e83082000820e0000c54ef4ffa636
:10ae080002010ee1122000e1c2001ee1002001e172
:10ae18008b0000840804018302010ee1222000e176
:10ae2800c2001ee1002001e1030000840804018340
:10ae380019000088037201722e7200000004e0837a
:10ae4800110a000000200e83430000fd110e0000cf
:10ae580002e2ffd4037201721e7200000004e08354
:10ae6800090010884024feed8a0000a600200e8309
:10ae780000200083003900004e0000a60900008869
:10ae8800aa0500ae090010884024feedca0000a6fd
:10ae980000200e83230010fd00200e83130000fd08
:10aea800103d0000e60000aa00200e834a0400ae10
:10aeb80000200e83230000fd120010e100200e8305
:10aec800270001fd090010884024feedca0100a6f4
:10aed80000200e83230010fd00200e83130000fdc8
:10aee800103d0000020100aa00200e8300201083fc
:10aef80000200e83230000fd01610000082000826d
:10af08000e0200c542fdffae00200e83230010fd97
:10af180000200e83130000fd103d0000ae0000a6c7
:10af280000200e83230000fd120010e500200e8390
:10af3800270001fd00200e83037201721e720000bb
:10af48000004e083090010884024feed0a0100a6f1
:10af580000200e8300200083003900008a0000a62c
:10af680000200e83230000fd003900004a0000a6df
:10af7800090000884a0300ae090010884024feed4d
:10af8800ca0200a600200e83230000fd420010e143
:10af980000200e83130000fd103d0000e20100aa0e
:10afa80000200e830020108300200e83230000fd64
:10afb800016100003900208833410686427ffbd4b6
:10afc80000390000ae0000a600200e83230000fd1b
:10afd800320010e100200e83270001fd00200e83bf
:10afe800037201724e72100a210a320a100e0039d9
:10aff8004e0000a609000088ea0000ae100e00000e
:10b00800a279fbd41204e0e1330e220e00201e8345
:10b01800100e0000220000d403720172ee72a00a22
:10b02800b10ac20ad30a000042000ee16f720000a2
:10b03800090c0088c0770000090000880004e0833c
:10b0480083000180090010880004018383000180c7
:10b0580009001088170001fda00e0039ca0700a6d4
:10b06800b00e00398a0700a642000ee182021ee1f6
:10b078000024018342000ee1b20e0000170002fd19
:10b0880042000ee109001088270001fd42000ee190
:10b09800020110e173680180002410834174407438
:10b0a8000024108341744074002410834174407458
:10b0b800736801804237ffd40004e08309003088b8
:10b0c800c024feedca0400a642000ee162f3ffd4dc
:10b0d80022ecffd41003000000200e83022700d4c6
:10b0e800003900000a0400a6d00e00390a0200a6a2
:10b0f80042000ee102ebffd442000ee1230010fdf6
:10b1080042000ee1130000fd103d0000020300aafa
:10b1180042000ee10020108342000ee1230000fdf2
:10b1280001610000082000820e0000c50e0200a682
:10b13800c00e0039ca0000a642000ee100201083ac
:10b1480042000ee1230000fd1061c00e00040183df
:10b1580000200e838a0500ae00010000aa0000aea0
:10b16800000100006a0000ae000100002a0000aee5
:10b1780000010000090010884024feed4a0000a6e6
:10b1880000200e83a232ffd4a00e0039aa0300a625
:10b19800a20e820a09000088900a000042000ee10f
:10b1a800230010fd42000ee1130000fd103d0000d9
:10b1b800820000aa42000ee1230000fd900a000070
:10b1c800ea0000ae42000ee1130000fd0039000065
:10b1d8006a0000a642000ee1130000fd1076900af6
:10b1e800c00e00396a0000a6810e900e1061c00ed4
:10b1f8000004018383000180820e930e021f000069
:10b208000008038309000088037201721e7200009f
:10b218000004e083090020880900108800200e83bc
:10b2280002eeffd4037201722e7200000004e08364
:10b23800110a00000900308809002088110e00005a
:10b2480000200e83a2eeffd403720172de72a00a00
:10b25800b10ac20a090000880004e08342000ee136
:10b2680049022088090010888206fbd4c00e00001d
:10b278000020108343410682002000830e0001d67f
:10b288001003000042000ee10004018343410682de
:10b298000020108342000ee1170001fd42000ee17c
:10b2a800b10e0000570001fd42000ee1820110e1dd
:10b2b800c00e0000002410834174407400241083e1
:10b2c80041744074002410834174407442000ee1bc
:10b2d80000200083003900000a0800a642000ee1a1
:10b2e8001003a00ea22f00d400390000aa0700a660
:10b2f80042000ee12264ffd4c00e0000230000fdce
:10b30800003900000a0200a6c00e0000230020fd3c
:10b3180042000ee1230000fd120010e142000ee1a0
:10b32800002000830e0002d60004e0830900108884
:10b338004024feedaa0500a642000ee1090010888f
:10b34800000401836a0400aec00e000000201083d0
:10b3580042000ee1230000fd107400000e0001d62b
:10b368000004e083090010884024feed2a0400a6aa
:10b3780042000ee1230000fd1074000042001ee1af
:10b38800130011fd013d000043c010f742000ee11b
:10b39800002000832103100300200e8302fcfad44e
:10b3a80042000ee1230000fd00200ee103000084ae
:10b3b80008040183c00e0000130010fd42000ee1d6
:10b3c800002000830e0001d642000ee1090010881b
:10b3d8000004018300200e83aa0300ae00010000d0
:10b3e800aa0000ae000100006a0000ae00010000e3
:10b3f8002a0000ae0001000042000ee10020008398
:10b40800003900000a0100a6c00e0000130010fd5c
:10b4180042000ee1002000830e0001d642000ee13a
:10b428000900108800040183090010884024feedfb
:10b43800ca0000a6c00e0000130010fd00200e83f5
:10b448000e0001d6090000880004e0830900008886
:10b45800037201721e7200000004e08373680188a1
:10b468001900108800200e8302efffd403720172c6
:10b478001e7200000004e0837368018809001088c8
:10b4880000200e8322eeffd403720172ce72900a5e
:10b49800a10ab20a8f720000090ce0884202e0c5d6
:10b4a800a00e0039460000a809000088aa0400aed2
:10b4b8007368018000201083a00e00000e0001d6e2
:10b4c8000004e08300200e83003900004e0000a62f
:10b4d800090000886a0300aea00e100a090000885f
:10b4e800200a000009000088400ab10e510a000035
:10b4f80082011ee173680180002410834174407446
:10b5080000241083417440740024108341744074f3
:10b518001e03900e221e00d4003900000e0100a662
:10b52800836801800020108300200e830e0001d65e
:10b53800090000880004e083090000882a0000aea2
:10b5480000200e8303720172de72900aa10ab20a09
:10b55800c30a8f72090ce0884202e0c5b00e0039b8
:10b568004a0000a8a00e00394e0000a60900008875
:10b578004a0200ae82021ee10024e183b00e100ae6
:10b5880009000088200a000019000088400ac10e3e
:10b59800510a000082011ee17368018000241083b3
:10b5a8004174407400241083417440740024108353
:10b5b800417440741e03900e021900d40372017284
:10b5c8002e7200000004e083110a100e00390000fa
:10b5d8008a0000a6100e0000002000830039000039
:10b5e8004e0000a6090000886a1700ae100e003948
:10b5f8006a0300a6100e0000230000fd420010e1bf
:10b60800100e0000130000fd103d0000860200ae81
:10b61800100e000000201083100e0000230000fd13
:10b628000161000049002088333a0686c24bfbd4ea
:10b63800003900004e0100a600200e834900108842
:10b64800370001fd100e0000230000fd420010e14c
:10b65800100e0000270001fd19000088ca1300ae73
:10b66800100e00396a0300a6100e0000230000fd2a
:10b67800520010e1100e0000130000fd103d000004
:10b68800860200ae100e000000201083100e00008d
:10b69800230000fd01610000590020884340068610
:10b6a8002248fbd4003900004e0100a600200e837a
:10b6b80019001088370001fd100e0000230000fd5e
:10b6c800520010e1100e0000270001fd190000884b
:10b6d8002a1000ae100e0039ca0300a6100e000092
:10b6e800230000fd420010e1100e0000130000fdd1
:10b6f800103d0000e60200ae100e0000002010838e
:10b70800100e0000230000fd0161000049002088a0
:10b718005b4006868244fbd400390000ae0100a6d7
:10b7280000200e8329001088370001fd00200e83b9
:10b7380019001088570001fd100e0000230000fdbd
:10b74800420010e1100e0000270001fd19000088da
:10b758002a0c00ae100e00394a0200a6100e000096
:10b76800230010fd100e0000130000fd103d000026
:10b77800820100aa100e000000201083100e0000a5
:10b78800230000fd01610000082000822e0200c590
:10b798008e0000a6110e000000200e83a278ffd4b0
:10b7a800aa0900ae100e00394a0400a6100e0000c7
:10b7b800230010fd100e0000130000fd103d0000d6
:10b7c800820300aa100e000000201083100e000053
:10b7d800230000fd0161000008200082de0200c590
:10b7e8000a0200a6100e000000201083100e0000b0
:10b7f800230000fd0161000008200082fe0200c550
:10b80800820100ae100e000000201083100e000010
:10b81800230000fd01610000082000829e0300c58e
:10b82800860000ae110e000000200e838205ffd4b2
:10b838002a0500ae100e00394a0200a6100e0000bc
:10b84800230010fd100e0000130000fd103d000045
:10b85800820100aa100e000000201083100e0000c4
:10b86800230000fd0161000008200082be0500c51c
:10b878008e0000a6110e000000200e83821200d454
:10b88800aa0200ae100e00394a0200a6100e0000ef
:10b89800230010fd100e0000130000fd103d0000f5
:10b8a800820100aa100e000000201083100e000074
:10b8b800230000fd0161000008200082be0700c5ca
:10b8c8008e0000a6110e000000200e83623300d403
:10b8d8002a0000ae09000088037201724e72200a25
:10b8e800310a0000090000880004e083200e0039b6
:10b8f8004a0000a6300e00394e0000a60900008854
:10b908004a0e00ae200e0000330010fdf9630088d7
:10b91800016980394a0800a680390000e20000a8c1
:10b9280020390000ea0500a640390000ea0100a617
:10b93800103900008a0300a66a0c00ae060200c592
:10b948006a0b00a6060200c5620000a8060100c531
:10b958008a0a00a68a0b00ae060400c5ea0a00a6f9
:10b96800060800c52a0600a6ea0a00ae5900108893
:10b97800300e0000621fffd40004e0830900108825
:10b988004024feed4e0000a609000088ea0900ae3a
:10b9980000200e83333a06864f720000086c01833c
:10b9a800190000882a0900ae69001088300e0000ce
:10b9b800821dffd40004e083090010884024feedb6
:10b9c8004e0000a6090000880a0800ae00200e8379
:10b9d800434006865f720000086c018319000088e6
:10b9e8004a0700ae59001088300e0000a21bffd491
:10b9f8000004e083090010884024feed4e0000a6f4
:10ba0800090000882a0600ae00200e835b400686e7
:10ba18004f720000086c0183190000886a0500aea7
:10ba2800310e200e8231ffd40a0500ae09000088cd
:10ba3800100a200e430000fd003900004e0000a649
:10ba4800090000882a0400ae200e0000430000fd13
:10ba58002227fbd41003000042000ee1120401e18a
:10ba680000201083110a110e300e0000a217ffd417
:10ba78000004e083090020888024feed4e0000a623
:10ba8800090000882a0200ae200e0000430000fdd5
:10ba9800120e100300200e8322c4fad41900008865
:10baa8004a0100ae310e200e629cffd4ea0000aebf
:10bab800310e200e021600d48a0000ae310e200e80
:10bac800624000d42a0000ae0900008803720172a7
:10bad8005e72300a410a0000090000880004e08311
:10bae80009000088100a400e330000fd763e00c5ac
:10baf800420000ae09000088ca1300ae400e0000e4
:10bb0800330000fd120010e1400e0000370001fd77
:10bb1800400e000000201083400e0000230000fdae
:10bb28000161000008200082be0500c58e1000a635
:10bb3800400e0000230000fd120010e1400e00003e
:10bb4800270001fd400e00006298ffd4400e003926
:10bb5800ca0100a6400e0000230010fd400e0000a0
:10bb6800130000fd103d0000020100aa400e000075
:10bb780000201083400e0000230000fd016100003a
:10bb880008200082de0500c5aa0a00a6400e00397a
:10bb9800ca0000a6400e0000230010fd400e000061
:10bba800130000fd103d0000c60000aa400e000072
:10bbb800230000fd120010e5400e0000270001fde3
:10bbc800ca0c00ae400e0000230000fd120010e574
:10bbd800400e0000270001fd02010ee1022100e1f4
:10bbe800e2ddfed4200a200e00390000ca0a00a6b1
:10bbf800090010884024feedae0000a682001ee178
:10bc08000024e18300201e83110a0000ca0000ae50
:10bc1800100e000082001ee100240183200e110e88
:10bc2800170001fd210e110a400e0000230000fd3f
:10bc3800120010e1400e0000270001fd400e000038
:10bc4800a290ffd4410e100ea2cbffd40039000001
:10bc5800ea0700a6400e0000e28fffd4400e00392c
:10bc6800ca0100a6400e0000230010fd400e00008f
:10bc7800130000fd103d0000020100aa400e000064
:10bc880000201083400e0000230000fd0161000029
:10bc980008200082ce0200c5eaf9ffa6400e00394e
:10bca800aa0500a6400e0000230010fd400e00006b
:10bcb800130000fd103d0000e20400aa400e000041
:10bcc80000201083400e0000230000fd01610000e9
:10bcd80008200082de0500c5ee0300a61a0000aeab
:10bce8000001400e330000fd120010e5400e000078
:10bcf800370001fd090010884024feed6a0000a607
:10bd080000200e83110e0000170001fd300e000008
:10bd180009021088370001fd300e000000201e8344
:10bd2800270001fd400e0000230000fd120010e175
:10bd3800400e0000270001fd19000088aa0100ae8e
:10bd480000010000aa0000ae000100006a0000ae79
:10bd5800000100002a0000ae000100000900108860
:10bd68004024feed4a0000a600200e8362d3fed4d4
:10bd780009000088037201725e72300a410a0000ed
:10bd8800090000880004e08309000088200a300eba
:10bd9800230010fd110a400e003900004e0000a6d5
:10bda800090000888a0c00ae19001088400e0000b7
:10bdb80082fdfed40004e083090010884024feedd3
:10bdc8004e0000a6090000886a0b00ae00200e8312
:10bdd8006f01008408040183400e0000230000fd69
:10bde800120010e1400e0000270001fd400e000087
:10bdf800330000fd120010e1400e0000370001fd85
:10be08009a0600ae410e100e82d6ffd4003900000b
:10be18004e0000a609000088ea0800ae400e0000a7
:10be2800c20affd4100e0000002000830039000071
:10be3800ca0400a6400e0000530000fd00390000af
:10be48004a0000a6290000882a0000ae19000088d0
:10be5800200a000082000ee1122000e11003400ecb
:10be680002f8fed40004e083090010884024feeda7
:10be78004e0000a609000088ea0500ae00200e83e7
:10be88001204e0e1b300008408040183400e0000be
:10be9800530000fd003900008a0000a600200e8330
:10bea8001204e0e1830000840804018300200e836b
:10beb8000300008408040183400e0000230010fde5
:10bec800200e1061400e0000270001fd100e00003a
:10bed80000201083110a100e003900002ef9ffa669
:10bee80029001088400e0000c2f3fed40004e0834d
:10bef800090010884024feed4e0000a609000088c5
:10bf0800aa0100ae00200e831204e0e1770100844c
:10bf18000804018300200e830300008408040183c1
:10bf2800400e0000330000fd120010e5400e000036
:10bf3800370001fd19000088037201725e72300a31
:10bf4800410a0000090000880004e0830900008815
:10bf5800100a400e330000fd763e00c5420000aed8
:10bf6800090000882a1b00ae400e0000330000fdc7
:10bf7800120010e1400e0000370001fd400e0039ac
:10bf8800ea1700a6400e0000230010fd400e000036
:10bf9800130000fd103d0000221700aa400e00000b
:10bfa80000201083400e0000230000fd0161000006
:10bfb80008200082be0700c52e1600a6400e00000d
:10bfc800230000fd120010e1400e0000270001fdd3
:10bfd800400e00000274ffd4400e0039ca0100a6ca
:10bfe800400e0000230010fd400e0000130000fd6d
:10bff800103d0000020100aa400e0000002010833e
:10c00800400e0000230000fd0161000008200082ae
:10c01800de0700c54a1000a6400e0039ca0000a677
:10c02800400e0000230010fd400e0000130000fd2c
:10c03800103d0000c60000aa400e0000230000fdcd
:10c04800120010e5400e0000270001fd2a1300ae83
:10c05800400e0000230000fd120010e5400e000015
:10c06800270001fd02010ee1022100e182b9fed4a0
:10c07800200a200e003900006a1000a60900108866
:10c088004024feedae0000a682001ee10024e183fc
:10c0980000201e83110a0000ca0000ae100e000026
:10c0a80082001ee100240183200e110e170001fdfd
:10c0b800210e110a400e0039aa0e00a6400e0000fb
:10c0c800230000fd120010e1400e0000130000fde7
:10c0d800103d0000c20d00aa400e0000230000fd24
:10c0e800120010e1400e0000270001fd400e000084
:10c0f800226bffd4410e100ec22dffd40039000070
:10c10800aa0c00a6400e0000626affd4100e0000c0
:10c11800430010fd100e0000770001fd100e000016
:10c1280009001088470001fd400e00398a0b00a65f
:10c13800400e0000230010fd400e0000130000fd1b
:10c14800103d0000c20a00aa400e00000020108323
:10c15800400e0000230000fd01610000082000825d
:10c16800ae0300c5ce0900a6400e0000230000fd66
:10c17800120010e1400e0000270001fd400e0000f3
:10c18800a266ffd4410e100ea2a1ffd40039000010
:10c19800aa0800a6400e0000e265ffd4400e003950
:10c1a800ca0100a6400e0000230010fd400e00004a
:10c1b800130000fd103d0000020100aa400e00001f
:10c1c80000201083400e0000230000fd01610000e4
:10c1d80008200082ce0200c54af4ffa6400e0039ae
:10c1e8006a0600a6400e0000230010fd400e000065
:10c1f800130000fd103d0000a20500aa400e00003b
:10c2080000201083400e0000230000fd01610000a3
:10c2180008200082de0700c5ae0400a61a0000aea2
:10c228000001400e330000fd120010e5400e000032
:10c23800370001fd090010884024feed6a0000a6c1
:10c2480000200e83110e0000170001fd300e0000c3
:10c2580009201088370001fd300e000000201e83e1
:10c26800270001fd400e0000230000fd120010e130
:10c27800400e0000270001fd190000886a0200ae88
:10c28800000100006a0100ae000100002a0100aeb2
:10c2980000010000ea0000ae00010000aa0000aea4
:10c2a800000100006a0000ae000100002a0000ae94
:10c2b80000010000090010884024feed4a0000a695
:10c2c80000200e83a2a8fed4090000880372017220
:10c2d8007e72500a610a0000090000880004e083a9
:10c2e80009000088400a500e230010fd110a600e54
:10c2f800003900004e0000a6090000884a1d00ae63
:10c30800600e0000530000fd003900004a0000a63e
:10c31800290000882a0000ae19000088400a0000a1
:10c3280002010ee1122000e11003600ea2d1fed43a
:10c338000004e083090010884024feed4e0000a6aa
:10c34800090000880a1b00ae00200e831204e0e1f9
:10c35800ef01008408040183600e0000330000fd33
:10c36800120010e1600e0000370001fd600e0000b1
:10c37800530000fd003900008a0000a600200e834b
:10c388001204e0e12b00008408040183600e000021
:10c39800230010fd400e1061600e0000270001fd13
:10c3a8009a1100ae600e0000530000fd0039000035
:10c3b800ea0300a6600e0000330000fd1003600ec3
:10c3c80002cdfed40004e083090010884024feed6d
:10c3d8004e0000a6090000886a1600ae0900008811
:10c3e800200a00001a0100ae00200e831204e0e1ca
:10c3f800270000840804018382000ee182001ee108
:10c40800122401e100201083210a600e330000fd90
:10c41800210e103d86feffaa600e0000230010fdcd
:10c42800600e0000330000fd1061600e270001fd62
:10c43800100e0000730000fd610e0000a232ffd450
:10c44800003900004e0000a609000088ca1200ae9c
:10c45800600e000022d9fed4600e0000530000fddb
:10c46800003900004a0000a6290000882a0000ae12
:10c4780019000088400a410e600e000022c7fed451
:10c488000004e083090010884024feed4e0000a659
:10c49800090000888a1000ae00200e831204e0e133
:10c4a800eb00008408040183600e0000530000fdc7
:10c4b800003900008a0000a600200e831204e0e183
:10c4c8002700008408040183600e0000230010fd8b
:10c4d800400e1061600e0000270001fd610e100e75
:10c4e800c29fffd4003900004e0000a60900008852
:10c4f800aa0d00ae600e000002d4fed4600e00004b
:10c50800530000fd003900004a0000a619002088e9
:10c518002a0000ae09002088100e000000200083c9
:10c52800003900004a0000a6190010882a0000ae51
:10c538000900108802010ee1400402e10020108386
:10c54800410a000002010ee1122000e11003600e12
:10c5580082c0fed40004e083090010884024feed68
:10c568004e0000a609000088ea0900ae100e00007f
:10c5780000200083003900008a0000a600200e83f6
:10c588001204e0e1b300008408040183600e000097
:10c59800530000fd003900008a0000a600200e8329
:10c5a8001204e0e12b0000840804018300200e83bc
:10c5b8000300008408040183600e0000230010fdbe
:10c5c800400e1061600e0000270001fd100e0000f3
:10c5d80000201083110a100e003900002eeeffa66d
:10c5e800600e0000530000fd003900008a0000a61c
:10c5f800600e0000330000fd107400002a0000ae39
:10c60800290000881003600ec2bafed40004e0833b
:10c61800090010884024feed4e0000a6090000889d
:10c628002a0400ae600e0000530000fd003900002f
:10c638000a0200a609000088300a00001a0100aeac
:10c6480000200e831204e0e127000084080401831f
:10c65800c2000ee1c2001ee1122401e10020108395
:10c66800310a600e330000fd1076310e103d0000d7
:10c6780066feffaa00200e831204e0e1f7010084a1
:10c688000804018300200e8303000084080401834a
:10c69800600e0000330000fd120010e5600e00007f
:10c6a800370001fd19000088037201723e72200aea
:10c6b800090000880004e08309000088100a200ea1
:10c6c800003900004e0000a609000088da0100ae1b
:10c6d800200e0000820010e10024e183ea0000ae91
:10c6e80042000ee142001ee1122401e10020108305
:10c6f800110a000000200e830024e083090010883e
:10c708004024feedcefeffa6100e0372017200005b
:10c718003e72100a210a0000090000880004e08324
:10c72800100e00394e0000a6090000882a0200ae4b
:10c73800100e0000820010e10024e183ea0000ae40
:10c7480082000ee182001ee1122401e50020108320
:10c75800210a000000200e830024e08309001088cd
:10c768004024feed4a0000a6200e00398efeffa6ea
:10c7780000200e83037201722e7200000004e08311
:10c78800110a100e00390000460000a809000088b0
:10c798006a0000ae100e100300200e8382fbffd447
:10c7a800037201724e72100a210a320a09000088c7
:10c7b8000004e083100e00394a0000a6200e00395c
:10c7c8004e0000a6090000886a0500ae100e0000a1
:10c7d800820010e10024e183300e00396a0200a6cd
:10c7e8004a0000ae00200e830024e0830900108870
:10c7f8004024feedca0200a600200e83730000fd4f
:10c80800003900004a0200a600200e83730000fdd4
:10c818001003200e6264fad4003900002efeffa631
:10c828006a0100ae00200e830024e083090010880e
:10c838004024feedca0000a600200e83730000fd10
:10c848001003200ea26afed400390000aefeffa637
:10c85800090010884024feed8a0000a600200e83ff
:10c86800730000fd003900004e0000a60900008892
:10c878002a0000ae00200e83037201722e7200009f
:10c888000004e083110a000009002088110e00004e
:10c8980000200e8362f8ffd4037201722e7200002a
:10c8a8000004e083110a000019002088110e00001e
:10c8b80000200e8362f7ffd4037201722e7200000b
:10c8c8000004e083110a110e00200e8362fdffd4dc
:10c8d8001003000009000088103d00001fc010f878
:10c8e8000044000008000082007f0372017200000b
:10c8f8002e7200000004e083110a000000200e835d
:10c9080042001ee100240183100e000000201e8357
:10c91800170001fd00010372017200003e72100a47
:10c92800210a0000090000880004e083100e003985
:10c938004e0000a6090000888a0300ae200e000001
:10c94800e272fed40004e083090010884024feed62
:10c958004e0000a6090000888a0200ae090220885d
:10c96800110e000000200e83a24dfad400200e8381
:10c9780009001088770001fd00200e83330000fdb8
:10c988001003814200200e83370001fd00200e8332
:10c9980009001088170001fd00200e83130010fd08
:10c9a80000200e830004018300200e8303720172ad
:10c9b8003e72100a210a0000090000880004e08382
:10c9c800200e0039aa0000a6100e00396a0000a641
:10c9d800110e200e103d00004e0000a60900008830
:10c9e8006a0300ae100e0000820010e10024e1830b
:10c9f800090010884024feed0e0100a6100e210e3d
:10ca0800270001fd200e210e170001fd200e000059
:10ca180009001088000401838a0100ae00200e83fb
:10ca2800130000fd003900000a0100a600200e8353
:10ca3800130000fd210e0000a2f5ffd4100e000027
:10ca4800230000fd210e0000170001fd19000088d9
:10ca5800037201722e7200000004e083110a110ea5
:10ca680000200e8342faffd4037201721e72000086
:10ca78000004e08300200e83037201727e72200a94
:10ca8800310a420a530a640a090000880004e08354
:10ca980009000088100a200e00390000ea0000a6ec
:10caa800300e0039aa0000a6400e00396a0000a620
:10cab800210e400e103d00004e0000a6090000881f
:10cac8002a0500ae600e0039ea0000a6300e00000c
:10cad800c2fcffd40004e083400e0000330000fdd8
:10cae8009042100a6a0100ae510e300e625bfed40d
:10caf8000004e083090010884024feed4e0000a6e3
:10cb0800090000880a0300ae400e0000330000fd53
:10cb18009040100a400e0000330010fd0900018803
:10cb2800016900392e0100a6400e0000730000fdc7
:10cb380000390000aa0000a6500e0000130010fde6
:10cb4800400e0000730000fd0e0001d6400e0000ec
:10cb580000201e83770001fd400e110e370001fdf5
:10cb6800410e200e42f2ffd4037201723e720000a1
:10cb78000004e083110a220a090040887368018cc6
:10cb8800220e110e00200e8382f7ffd40372017269
:10cb98003e7200000004e083110a220a190040884e
:10cba8007368018c220e110e00200e8362f6ffd4ea
:10cbb800037201722e7200000004e083110a000063
:10cbc800090010884024feed4e0000a609000088e8
:10cbd800ca0000ae73680184100e0000e2e9ffd4b9
:10cbe8001003000000200e8322eeffd403720172ae
:10cbf8003e7200000004e083110a220a090010882e
:10cc08004024feed4a0000a6100e00394e0000a692
:10cc1800090000880a0100ae73680184200e000034
:10cc2800c2e7ffd4090040887368018c2003110e05
:10cc380000200e8322f2ffd4037201723e72100aa2
:10cc4800210a0000023c00d40004e0830900408867
:10cc58007368018c00202e83210e100ee2f0ffd4a1
:10cc6800003900004a0000a600200e836a0000aeca
:10cc780000200e83225bfed4090000880372017233
:10cc88003e72100a210a0000623b00d40004e083cf
:10cc9800090040887368018c00202e83210e100e35
:10cca800c2eeffd4003900004a0000a600200e831f
:10ccb8006a0000ae00200e830259fed409000088e5
:10ccc800037201723e72100a210a0000c23a00d4af
:10ccd8000004e083090040887368018c00202e83db
:10cce800210e100ea2ecffd4003900004a0000a665
:10ccf80000200e836a0000ae00200e83e256fed4a8
:10cd080009000088037201724e72100a210a320a61
:10cd1800300e0000023a00d40004e0830900408885
:10cd28007368018c00202e83210e100e62eaffd456
:10cd3800003900004a0000a600200e836a0000aef9
:10cd480000200e83a254fed40900008803720172e9
:10cd58004e72100a210a000031000e8631000e843e
:10cd6800a23900d40004e083090040887368018c6c
:10cd780000202e83210e100e02e8ffd40039000097
:10cd88004a0000a600200e836a0000ae00200e8331
:10cd98004252fed409000088037201724e72100ad2
:10cda800210a320a300e0000e23c00d40004e0837d
:10cdb800090040887368018c00202e83210e100e14
:10cdc800c2e5ffd4003900004a0000a600200e8307
:10cdd8006a0000ae00200e830250fed409000088cd
:10cde800037201724e72100a210a320a300e0000d4
:10cdf800424400d40004e083090040887368018c31
:10ce080000202e83210e100e82e3ffd4003900008b
:10ce18004a0000a600200e836a0000ae00200e83a0
:10ce2800c24dfed409000088037201723e72100ad6
:10ce3800210a0000e24600d40004e083090040888b
:10ce48007368018c00202e83210e100e62e1ffd43e
:10ce5800003900004a0000a600200e836a0000aed8
:10ce680000200e83a24bfed40900008803720172d1
:10ce78003e72100a210a0000424300d40004e083f5
:10ce8800090040887368018c00202e83210e100e43
:10ce980042dfffd4003900004a0000a600200e83bc
:10cea8006a0000ae00200e838249fed40900008883
:10ceb800037201722e7200000004e083110a000060
:10cec800090010884024feed4a0100a6100e003922
:10ced8000a0100a600200e83230000fd110e103d5c
:10cee800ca0000a6100e0000130000fd0039000063
:10cef8004e0000a6090000885a0500ae00200e83e7
:10cf0800230000fd110e103daa0000a6100e00001f
:10cf1800130000fd110e000000201183000401839e
:10cf2800100e00000020008300390000aa0000a6af
:10cf3800100e000000200083110e0000130011fde8
:10cf4800170001fd00200e83230000fd110e103d87
:10cf5800ae0000a6100e00000020108300200e83f3
:10cf6800270001fd2a0100ae100e000000200083fa
:10cf780000390000ae0000a600200e83230000fd4b
:10cf8800110e0000130011fd170001fd100e000026
:10cf980009001088170001fd100e00000900108814
:10cfa80000040183100e0372017200002e7200004b
:10cfb8000004e083110a100e00390000460000a8a2
:10cfc80009000088ca0000ae100e100300200e836e
:10cfd800e2b9ffd41003000000200e83a2f6ffd4ac
:10cfe800037201722e7200000004e083110a110e10
:10cff80000200e83a2fdffd4023ffed4000103727d
:10d00800017200003e72100a210a210e100e000063
:10d0180042c3ffd40004e08300201e83100e0000ea
:10d0280082f4ffd4037201723e72100a210a210ea3
:10d03800100e000022c3ffd40004e08300201e83ea
:10d04800100e000062f3ffd4037201722e7200000a
:10d058000004e083110a110e00200e8322fdffd484
:10d06800c23bfed400010372017200002e72000060
:10d078000004e083110a110e00200e8342fdffd444
:10d08800c23afed400010372017200004e72100a07
:10d09800210a320a090000880004e083200e0039c2
:10d0a8004a0000a8300e00394e0000a6090000888a
:10d0b8002a0500ae200e1003100e000082b2ffd425
:10d0c8000004e083090010884024feed6e0000a6ed
:10d0d800310e100ec2c6ffd4ea0300ae100e0000d7
:10d0e800230000fd0024feedca0000a600200e83e8
:10d0f800130000fd003900004e0000a6090000885a
:10d10800aa0200ae300e000000240e8300200e8319
:10d11800130010fd300e0000170001fd00200e83e3
:10d12800310e0000170001fd100e0000230000fd65
:10d138000024feed6e0000a6100e310e270001fd42
:10d148008a0000ae300e0000130000fdc2001ee190
:10d158000024018319000088037201723e720000e6
:10d168000004e083110a220a090010884024feed19
:10d178000a0100a600200e83230000fd00390000ec
:10d188008a0000a6200e00394a0000a6100e0039b9
:10d198004e0000a609000088ea0700ae210e100e16
:10d1a800103d00004e0000a6190000884a0700ae96
:10d1b800100e000000201083200e000000040183e0
:10d1c800100e0000130010fd200e0000170001fdd6
:10d1d800200e000000200083003900008a0000a60d
:10d1e800200e000000200083210e0000170001fd22
:10d1f80000200e83230000fd110e103dae0100a695
:10d2080000200e83230000fd130010fd00200e8374
:10d21800230000fd103d00004e0000a6200e210e48
:10d22800170001fd00200e83210e0000270001fddc
:10d238000a0200ae200e0000130000fd00390000b5
:10d248008a0000a6200e0000130000fd82001ee1e7
:10d2580000240183200e0000002000830039000014
:10d268008e0000a600200e83230000fd210e000082
:10d27800170001fd100e000009001088000401834a
:10d28800100e000009001088170001fd100e0000a4
:10d29800422afed419000088037201723e7200000f
:10d2a8000004e083110a220a100e0039460000a883
:10d2b80009000088ca0000ae100e100300200e837b
:10d2c80062a2ffd4220e100300200e8362f4ffd462
:10d2d800037201724e7200000004e083110a220af0
:10d2e800330a200e003900004a0000a6100e00394b
:10d2f8004e0000a6090000884a0400ae200e000077
:10d30800330010fd0900018801690039ee0000a60c
:10d31800200e0000730000fd003900006a0000a61e
:10d32800200e0000730000fd029d00d47368018484
:10d33800100e00002219fed41003200e770001fd04
:10d34800200e0000730000fd003900004e0000a60a
:10d35800090000886a0100ae200e0000330000fdbd
:10d3680010039140200e0000370001fd320e110e0f
:10d3780000200e8362a1ffd4220e100300200e832a
:10d38800c2eeffd4037201723e7200000004e08313
:10d39800110a220a09003088220e110e00200e837d
:10d3a80082f9ffd4037201723e7200000004e08328
:10d3b800110a220a19003088220e110e00200e834d
:10d3c80082f8ffd4037201721e7200007368018034
:10d3d800621efed40004e083090010884024feed9c
:10d3e8006a0000a600200e8349001088370001fd5e
:10d3f80000200e83037201721e72000073680180a0
:10d40800e21cfed40004e083090010884024feeded
:10d418006a0000a600200e8329001088370001fd4d
:10d4280000200e83037201721e720000736801806f
:10d43800621bfed40004e083090010884024feed3e
:10d448006a0000a600200e8319001088370001fd2d
:10d4580000200e83037201722e72100a7368018015
:10d46800e219fed40004e083090010884024feed90
:10d47800ea0000a6100e00394a0000a6290000881c
:10d488002a0000ae1900008800201e83370010fd16
:10d4980000200e83037201722e72000011000e86a6
:10d4a80073680180c217fed40004e0830900108865
:10d4b8004024feed4a0400a600200e83890010884f
:10d4c800370001fd00200e836100008411000e84e6
:10d4d8006100008611001e8401000082056302823b
:10d4e8008a00008a220000b6aa0000ae00200e833f
:10d4f800f1ffff80f5e31380570001fd0a0200ae3b
:10d5080011001e8401000082056306828a00008ad9
:10d51800220000baaa0000ae00200e83010000809d
:10d5280005001480570001fdaa0000ae11000e840a
:10d538005200048e2106000000200e83570001fdd2
:10d5480000200e83037201722e72100a7368018024
:10d558006212fed40004e083090010884024feed26
:10d568002a0200a600200e8309011088370001fd59
:10d5780073680184100e00000207fed41003000037
:10d5880000200e83470001fd00200e83430000fdac
:10d59800003900008e0000a600200e83e211fed4a0
:10d5a800090000882a0000ae00200e830372017271
:10d5b8002e72100a73680180220ffed40004e083e3
:10d5c800090010884024feed0a0100a600200e8301
:10d5d80009811088370001fd100e000062a4ffd4f5
:10d5e8001003000000200e83470001fd00200e8379
:10d5f800037201722e72100a73680180020dfed444
:10d608000004e083090010884024feed0a0100a60a
:10d6180000200e8309a01088370001fd100e0000bd
:10d6280042a2ffd41003000000200e83270001fd52
:10d6380000200e83037201722e72100a7368018033
:10d64800e20afed40004e083090010884024feedbd
:10d658000a0100a600200e8309821088370001fd08
:10d66800100e000022a0ffd41003000000200e833b
:10d67800270001fd00200e83037201722e72100a2a
:10d6880073680180c208fed40004e0830900108892
:10d698004024feed2a0200a600200e8309401088cf
:10d6a800370001fd73680184100e000062fdfdd48f
:10d6b8001003000000200e83470001fd00200e83a8
:10d6c800430000fd003900008e0000a600200e83f4
:10d6d8004208fed4090000882a0000ae00200e830c
:10d6e800037201721e720000736801808205fed405
:10d6f8000004e083090010884024feed6a0000a6bb
:10d7080000200e8309021088370001fd00200e83d7
:10d71800037201721e720000736801800204fed455
:10d728000004e083090010884024feed6a0000a68a
:10d7380000200e8309201088370001fd00200e8389
:10d74800037201726e72400a510a000009000088d3
:10d758000004e08309000088100a0000090000881e
:10d76800200a000009000088300a500e0039000025
:10d778004a0000a8400e00394e0000a609000088a3
:10d78800ba0500aee2faffd4300a000009000088aa
:10d798000004e0832a0300ae00200e83202400004a
:10d7a80002011ee1002001e10020008300040000c6
:10d7b8000a00008e02e7ffd4100a100e003900009c
:10d7c8008e0000a6300e00008200fed409000088fa
:10d7d8003a0300ae090010884024feed6e0000a652
:10d7e800300e110e270001fd4a0000ae110e200e6a
:10d7f800e287ffd4110e210a1224eee1300e00391f
:10d808006a0000a6500e00000024feed46fcffaaa8
:10d81800300e00390a0100a6300e0000230000fd7a
:10d82800003900008a0000a6300e0000230000fd29
:10d83800110e0000170001fd300e03720172000086
:10d848006e72400a510a0000090000880004e08353
:10d8580009000088100a000009000088200a00005a
:10d8680009000088300a500e003900004a0000a85c
:10d87800400e00394e0000a6090000887a0500ae67
:10d8880002f3ffd4300a0000090000880004e08396
:10d89800ea0200ae00200e832024000002011ee1ef
:10d8a800002001e10020008462dfffd4100a100e7e
:10d8b800003900008e0000a6300e0000e2f8fdd40a
:10d8c800090000883a0300ae090010884024feede4
:10d8d8006e0000a6300e110e270001fd4a0000aeb2
:10d8e800110e200e4280ffd4110e210a1224eee1ff
:10d8f800300e00396a0000a6500e00000024feed2c
:10d9080086fcffaa300e00390a0100a6300e00007e
:10d91800230000fd003900008a0000a6300e000038
:10d92800230000fd110e0000170001fd300e0372e8
:10d93800017200006e72400a510a00000900008856
:10d948000004e08309000088100a0000090000882c
:10d95800200a000009000088300a500e0039000033
:10d968004a0000a8400e00394e0000a609000088b1
:10d978007a0500ae62ebffd4300a00000900008887
:10d988000004e083ea0200ae00200e832024000099
:10d9980002011ee1002001e100200084c2d7ffd46b
:10d9a800100a100e003900008e0000a6300e00008c
:10d9b80042f1fdd4090000883a0300ae090010883e
:10d9c8004024feed6e0000a6300e110e270001fd6a
:10d9d8004a0000ae110e200ea278ffd4110e210ac3
:10d9e8001224eee1300e00396a0000a6500e000045
:10d9f8000024feed86fcffaa300e00390a0100a6bd
:10da0800300e0000230000fd003900008a0000a647
:10da1800300e0000230000fd110e0000170001fd6c
:10da2800300e0372017200006e72400a510a000043
:10da3800090000880004e08309000088100a00003b
:10da480009000088200a000009000088300a500eea
:10da5800003900004a0000a8400e00394e0000a618
:10da6800090000887a0500aec2e3ffd4300a00003e
:10da7800090000880004e083ea0200ae00200e835b
:10da88002024000002011ee1002001e100200083a3
:10da9800a2d5ffd4100a100e003900008e0000a68f
:10daa800300e0000a2e9fdd4090000883a0300ae58
:10dab800090010884024feed6e0000a6300e110efd
:10dac800270001fd4a0000ae110e200e0271ffd49e
:10dad800110e210a1224eee1300e00396a0000a668
:10dae800500e00000024feed86fcffaa300e00391f
:10daf8000a0100a6300e0000230000fd00390000d6
:10db08008a0000a6300e0000230000fd110e000060
:10db1800170001fd300e0372017200002e72000022
:10db28000004e083110a120e0900108800200e83f9
:10db3800220000d4037201727e72400a510a620afe
:10db4800090000880004e08309000088100a00002a
:10db580009000088200a000009000088300a400ee9
:10db6800003900006a0d00a67368018082e1fdd4c7
:10db78000004e083090010884024feedea0c00a6aa
:10db8800400e0000330000fd1003814000200e838a
:10db9800370001fd400e0000530010fd00200e83e9
:10dba800570001fd400e00006100008400200e8334
:10dbb80061000086400e0000430000fd00390000af
:10dbc8006a0100a6400e0000430000fd736801844e
:10dbd80042d4fdd41003000000200e83470001fd4d
:10dbe80000200e83430000fd00390000aa0900a6aa
:10dbf800400e0000730000fd003900006a0200a614
:10dc0800400e0000330010fd090001880169003949
:10dc18006a0000a6400e0000730010fdaa0000aec6
:10dc2800400e0000730000fd7368018462d1fdd4ca
:10dc38001003000000200e83770001fd00200e83f2
:10dc4800730000fd003900000a0700a6600e0039c5
:10dc58004e0000a600200e83ea0700ae400e00002a
:10dc6800230010fd110a00005a0300ae500e0000f8
:10dc7800f67002c5e60500ae42010ee1122000e191
:10dc8800190020881003100e62f5ffd4300a300ef8
:10dc9800003900002a0500a6200e0039ea0000a677
:10dca800200e0000c2001ee100240183300e210e68
:10dcb800170001fd310e210a8a0000ae00200e83f4
:10dcc800310e0000270001fd310e210a100e000060
:10dcd80000201083110a100e003900006efcffa608
:10dce800090010884024feed0a0100a600200e83da
:10dcf800230000fd003900008a0000a600200e83e2
:10dd0800230000fd310e0000170001fd00200e83e6
:10dd18002a0200ae000100002a0100ae0001000046
:10dd2800ea0000ae00010000aa0000ae00010000f9
:10dd38006a0000ae000100002a0000ae00010000e9
:10dd4800090010884024feed4a0000a600200e833a
:10dd580042d4fdd409000088037201721e720000cb
:10dd68000004e08300200e8300200083220010e1dd
:10dd780000200e83000401830a0200ae00200e83f7
:10dd88000020008308200082ae0000c5ce0000a657
:10dd980000200e8300200083120010e100200e8373
:10dda800000401834a0100ae00200e830020008396
:10ddb800120010e100200e830004018300200e836e
:10ddc80000200083082000820e0000c56efdffa61b
:10ddd800037201721e7200000004e08300200e83ab
:10dde80000200083220010e100200e83000401833c
:10ddf800ca0200ae00200e830020008308200082a3
:10de0800ae0200c58e0100a600200e83002000830c
:10de18001074000008200082fe0200c5ce0000a693
:10de280000200e8300200083220010e100200e83d2
:10de3800000401834a0100ae00200e830020008305
:10de4800120010e100200e830004018300200e83dd
:10de580000200083082000820e0000c5aefcffa64b
:10de6800037201722e7200000004e083110a0000a0
:10de780000200e8300201083100e00000020008375
:10de8800082011820804018300200e8300200083eb
:10de9800120010e100200e8300040183100e000020
:10dea80000200083120010e1100e0000000401831e
:10deb8000a0800ae00200e8300201083100e000018
:10dec80000200083082011820804018300200e83ab
:10ded80000200083082000822e0200c5ee0100a663
:10dee800100e0000002000838b00008408040183ca
:10def80000200e8300200083120010e100200e8312
:10df080000040183100e000000200083120010e1bd
:10df1800100e0000000401836a0500ae00200e8385
:10df28000020008308200082ce0500c5ee0200a66e
:10df380000200e8300200083107400000820008257
:10df48002e0200c52e0200a600200e83002010839a
:10df5800100e000000200083107400001b0011fc4c
:10df68000804018300200e8300200083120010e1c2
:10df780000200e8300040183100e0000002000839f
:10df8800120010e1100e00000004018300200e832f
:10df980000200083120010e100200e83000401839a
:10dfa800100e000000200083120010e1100e000087
:10dfb8000004018300200e830020008308200082d3
:10dfc8000e0000c56ef7ffa6037201722e72100aca
:10dfd800100e00000004e083100e00392a0700a686
:10dfe8000a0600ae100e000008200082007dd0391d
:10dff8006a0100a6d0390000620000a890761039a6
:10e00800e60300aeca0000ae260200c50a0300a659
:10e01800f60200c5aa0000a6060200c50e0300a667
:10e02800100e1074100a0000ca0300ae100e10740f
:10e0380008200082fe0200c56e0000a642000ee124
:10e04800c2e8ffd4ea0200ae100e10740820008265
:10e05800ae0200c56e0000a642000ee1a2ebffd49e
:10e068000a0200ae100e1074100a0000aa0100aed9
:10e0780042000ee11e03000042efffd42a0100ae69
:10e08800110e000000200e8308201182080401836d
:10e09800100e1074100a000000200e831074000087
:10e0a8000004e083100e0000082000820e0000c566
:10e0b8008ef9ffa600200e83030000840804018364
:10e0c8001a0000ae00010372017200001e72000007
:10e0d8000004e083090010884024feed4e0000a6ed
:10e0e800090000881a0100ae00200e83330010fddd
:10e0f800f96300881069000009000088103d0000dd
:10e108001fc010f808000082007f0372017200002f
:10e118001e7200000004e083090010884024feed10
:10e128004e0000a6090000881a0100ae00200e83e8
:10e13800330010fdf9630088106900001900008899
:10e14800103d00001fc010f808000082007f037215
:10e15800017200001e7200000004e08309001088ac
:10e168004024feed4e0000a6090000881a0100ae0a
:10e1780000200e83330010fdf96300881069000049
:10e1880029000088103d00001fc010f80800008218
:10e19800007f0372017200001e7200000004e08319
:10e1a800090010884024feed4e0000a609000088f2
:10e1b8001a0100ae00200e83330000fd320010e982
:10e1c80009000088103d00001fc010f8004400003e
:10e1d80008000082007f0372017200001e720000b6
:10e1e8000004e083090010884024feed4e0000a6dc
:10e1f800090000881a0100ae00200e83330010fdcc
:10e20800f96300881069000049000088103d00008b
:10e218001fc010f808000082007f0372017200001e
:10e228001e7200000004e083090010884024feedff
:10e238004e0000a6090000881a0100ae00200e83d7
:10e24800330010fdf9630088106900008900008818
:10e25800103d00001fc010f808000082007f037204
:10e26800017200001e7200000004e083090010889b
:10e278004024feed4e0000a6090000881a0100aef9
:10e2880000200e83330010fdf96300881069000038
:10e2980009010088103d00001fc010f80800008226
:10e2a800007f0372017200001e7200000004e08308
:10e2b800090010884024feed4e0000a609000088e1
:10e2c8001a0100ae00200e83330010fdf9630088a8
:10e2d8001069000009020088103d00001fc010f8f6
:10e2e80008000082007f0372017200001e720000a5
:10e2f8000004e083090010884024feed4e0000a6cb
:10e30800090000881a0100ae00200e83330010fdba
:10e31800f96300881069000009200088103d00009a
:10e328001fc010f808000082007f0372017200000d
:10e338001e7200000004e083090010884024feedee
:10e348004e0000a6090000881a0100ae00200e83c6
:10e35800330010fdf9630088106900000940008847
:10e36800103d00001fc010f808000082007f0372f3
:10e37800017200007e72400a510a620a400e00399a
:10e388004a0100a6500e00390a0100a6400e0000fe
:10e39800330010fd500e0000330000fd1071000026
:10e3a800f9630088016900394a0000a6090000885d
:10e3b800ca1700ae400e0000330010fdf963008854
:10e3c80001698039ca0200a680390000e20000a86d
:10e3d800003900000e0200a8203900000e0200a833
:10e3e80040390000ca0100a66a0100ae060200c555
:10e3f8006a0100a6060200c5620000a8060100c561
:10e40800ea0000a68a0000ae060400c58a0000a63d
:10e41800060800c54a0000a6090000886a1400ae74
:10e428000001410e500e103d4e0000a61900008854
:10e43800ca1300ae400e0000330010fdf9630088d7
:10e4480001698039ea0200a680390000e20000a8cc
:10e45800003900008e1200a820390000ee0100a843
:10e4680040390000aa0100a6ea1100ae060200c564
:10e478008a0500a6060200c5620000a8060100c5bc
:10e488006a0200a60a1100ae060400c58a0800a6a2
:10e49800060800c5ca0100a66a1000ae1900008867
:10e4a8004a1000ae500e000061001084400e0000bb
:10e4b8006100008442d9fdd4003900004a0000a65a
:10e4c800190000882a0f00ae09000088ea0e00ae85
:10e4d800400e0000430000fd003900008a0000a63d
:10e4e800500e0000430000fd003900004e0000a659
:10e4f80009000088aa0d00ae500e0000430010fd70
:10e50800400e0000430000fdc27cf9d40039000031
:10e518004e0000a6190000888a0c00ae0900008889
:10e528004a0c00ae400e0000820010e10024e18396
:10e53800500e0000230010fd110a00008a0100aef1
:10e54800620e110e00200e8342f1ffd40039000044
:10e558004e0000a6090000888a0a00ae00200e833b
:10e568000024e083100e000000201083110a000030
:10e57800090010884024feed4a0000a6100e00395c
:10e58800eefdffa6100e00000024feed4a0000a6d6
:10e5980009000088aa0800ae190000886a0800aec1
:10e5a80009000088200a000009000088300a400e8f
:10e5b800003900006a0000a6400e0000230000fd9c
:10e5c8002a0000ae09000088200a00007a0200ae86
:10e5d800200e0000730000fd620e1003500e0000b4
:10e5e800020effd4300a300e003900004e0000a69b
:10e5f80009000088aa0500ae620e310e200e000048
:10e6080082ebffd4003900004e0000a60900008804
:10e61800ca0400ae200e000000201083210a200e3c
:10e62800003900004efdffa6500e00396a0000a612
:10e63800500e0000230000fd2a0000ae09000088eb
:10e64800300a00007a0200ae300e0000730000fdb0
:10e65800620e1003400e0000420affd4200a200e6a
:10e66800003900004e0000a609000088ea0100ae4b
:10e67800620e210e300e0000c2e7ffd40039000000
:10e688004e0000a6090000880a0100ae300e000006
:10e6980000201083310a300e003900004efdffa61d
:10e6a800190000882a0000ae090000880372017270
:10e6b8001e7200000004e08373680180002010834c
:10e6c80000200e830e0001d6037201721e72000034
:10e6d8000004e083836801800020108300200e83fb
:10e6e8000e0001d6090000880004e08300010372cf
:10e6f800017200004e72100a210a320a200e0039f7
:10e708008a0000a6300e00394a0000a6100e003913
:10e718004e0000a6030000802a0200ae320e110e41
:10e72800200e000002c4f9d40004e0830900108818
:10e738004024feed4a0000a6030000800a0100ae56
:10e7480042000ee1310e0000402000e10820108256
:10e7580003000080080010bd1fc010f808000082e8
:10e76800037201722e7200000004e083110a100e79
:10e77800003900002a0100a6100ef01f00200e83a9
:10e78800f01f0000833f0682f01f00006236f9d4b4
:10e79800cf760000a33f0682c25df9d40001037260
:10e7a800017200001e7200000004e08395010490cd
:10e7b80000200e830e0001d6037201721e72000043
:10e7c8000004e083090010884024feed6a0000a6da
:10e7d800d501049000200e830e0001d600010372bb
:10e7e800017200004e72200a310a200e0039000022
:10e7f8004a0000a6300e0039ae0100a63900008894
:10e80800f01f0000232a0682f01f00008230f9d48e
:10e818008f760000732a0682f01f00000230f9d4b8
:10e828004f760000a33f06824259f9d42a0100ae70
:10e83800210e000095010494310e0000d5010494c6
:10e8480082001ee10024e183310e110a0e0300004c
:10e85800a273fdd4037201721e7200000004e083eb
:10e86800890220880900108800200e836256f9d496
:10e8780000010372017200005e72f81f400a000076
:10e88800424400d4400e0039ce0100a63900008869
:10e89800f01f0000232a0682f01f0000022cf9d482
:10e8a8008f760000538e0582f01f0000822bf9d46a
:10e8b8004f760000a33f0682c254f9d4390000887d
:10e8c8007a3d00ae400e00004b0210fc83610180cf
:10e8d8004f0401fd400e00000024e0830900108869
:10e8e8004024feed6a0000a6590010884024feed81
:10e8f800020200ae69000088f01f0000232a068289
:10e90800f01f0000c228f9d48f76000000200e8383
:10e91800f01f0000db8e0582f01f00000228f9d4ea
:10e928008f760000a33f06824251f9d4690000881f
:10e93800fa3900ae00201e8359000088103d0000ff
:10e948001fc010f84f00e0fd490010884024feed7c
:10e958006a0000a6390010884024feed4e0000a68b
:10e96800190000882a0000ae090000885f00e0fd59
:10e978005b000efc1a0000e95f00e0fd190010883a
:10e988004024feed6a0000a6390010884024feed00
:10e998004e0000a6190000882a0000ae0900008871
:10e9a8006f00e0fd6b000efc1a0000e96f00e0fd4f
:10e9b8004b000efc004400000e0000c5ea0200a651
:10e9c800400e0000130000fd00390000aa0000a658
:10e9d800400e0000130000fd082000820e0000c554
:10e9e800ce0100a639000088f01f0000232a068205
:10e9f800f01f00004221f9d48f760000938f058222
:10ea0800f01f0000c220f9d44f760000a33f068211
:10ea1800024af9d439000088ba3200ae6b000efc05
:10ea28000e0000c5ea0200a6400e0000230000fd0b
:10ea380000390000aa0000a6400e0000230000fdd7
:10ea4800082000820e0000c5ce0100a6390000880b
:10ea5800f01f0000232a0682f01f0000021ef9d4ce
:10ea68008f76000013900582f01f0000821df9d4f4
:10ea78004f760000a33f0682c246f9d439000088c9
:10ea88007a2f00ae5b000efc0e0000c5ea0200a65d
:10ea9800400e0000330000fd00390000aa0000a667
:10eaa800400e0000330000fd082000820e0000c563
:10eab800ce0100a639000088f01f0000232a068234
:10eac800f01f0000c21af9d48f7600001391058256
:10ead800f01f0000421af9d44f760000a33f0682c7
:10eae8008243f9d4390000883a2c00ae5b000efc52
:10eaf8000e0000c5ea0200a6400e0000430000fd1b
:10eb080000390000aa0000a6400e0000430000fde6
:10eb1800082000820e0000c5ce0100a6390000883a
:10eb2800f01f0000232a0682f01f00008217f9d484
:10eb38008f76000003920582f01f00000217f9d4b7
:10eb48004f760000a33f06824240f9d4390000887e
:10eb5800fa2800ae02010ee1422100e18900208876
:10eb68001003000063620180a23df9d4400e00004a
:10eb7800830010fd8362018000040183400e0000c1
:10eb8800730010fd53620180000401834b000efcea
:10eb98000e0000c5aa0000a683610180070000845a
:10eba80008040183090000883a2600ae6b000efcb9
:10ebb8000e0000c54a0400a6400e0000130000fd28
:10ebc800a29bf9d48003400e230000fd429bf9d498
:10ebd8000861107462deffd41003000093610180a5
:10ebe800000401839361018000201083210a200e14
:10ebf800003900008a1f00a6400e0000230000fd17
:10ec08001003200e2246f9d4200e00004299f9d4b0
:10ec18001003000082000ee1402000e1b7000084ec
:10ec280008040183030000841f0001fd400e00005a
:10ec3800130000fd1003200e023df9d46a0100ae56
:10ec4800400e0000130000fd624302d410030000d0
:10ec58009361018000040183936101800020108387
:10ec6800210a200e003900002a1c00a6400e0000d0
:10ec7800430000fd003900006a0100a6400e0000b4
:10ec8800430000fd824102d410030000b3610180fb
:10ec980000040183b361018000201083210a200e43
:10eca800003900008a1a00a603620180fb920586db
:10ecb800000401835b000efc0e0000c54a0f00a68d
:10ecc8009361018000201083b361018000200083dc
:10ecd800f11ff01f0b930582f01f00000900108838
:10ece80009000088c20cf9d4cf761074a2d5ffd4dd
:10ecf80010030000a361018000040183a361018067
:10ed080000201083210a200e003900008a1700a66f
:10ed18009361018000201083b3610180002000838b
:10ed2800f11ff01f0b930582f01f200e4210f9d43b
:10ed3800cf7600009361018000201083b3610180c9
:10ed480000200083f11ff01f83930582f01f00004d
:10ed580009001088090000882209f9d4cf761074b8
:10ed680002d2ffd410030000c361018000040183b4
:10ed7800c361018000201083210a200e00390000a1
:10ed88002a1400a6400e0000330010fd9361018094
:10ed980000200083f11ff01f83930582f01f200ecf
:10eda800a20cf9d4cf76400e330010fd9361018098
:10edb80000200083f11ff01f33940582f01f00002c
:10edc8000900108809000088a205f9d4cf761074cc
:10edd80082ceffd410030000d361018000040183b8
:10ede800d361018000201083210a200e0039000021
:10edf800ea1000a6400e0000330010fd9361018068
:10ee080000200083f11ff01f33940582f01f200ead
:10ee18002209f9d4cf760000936101800020008395
:10ee2800f01f0000e3940582f01f0000090010881d
:10ee3800090000884202f9d48f76107422cbffd4df
:10ee480010030000e361018000040183e361018095
:10ee580000201083210a200e00390000ca0d00a6e8
:10ee68009361018000200083f01f0000e394058275
:10ee7800f01f200e0206f9d48f76400e330000fdf5
:10ee8800a23102d410030000f36101800004018361
:10ee9800f361018000201083210a200e0039000050
:10eea8008e0900a66a0c00ae9361018000200083e1
:10eeb800f01f00006b950582f01f00000900108804
:10eec80009000088c2fdf8d48f761074a2c6ffd45a
:10eed80010030000c361018000040183c361018045
:10eee80000201083210a200e003900008a0900a69c
:10eef8009361018000200083f01f00006b9505825c
:10ef0800f01f200e8201f9d48f76000093610180f2
:10ef180000200083f01f0000eb950582f01f000021
:10ef28000900108809000088a2faf8d48f761074b6
:10ef380082c3ffd410030000d36101800004018361
:10ef4800d361018000201083210a200e00390000bf
:10ef5800aa0600a69361018000200083f01f00002c
:10ef6800eb950582f01f200e62fef8d48f76000024
:10ef78009361018000200083f01f00006b960582da
:10ef8800f01f0000090010880900008882f7f8d4f3
:10ef98008f76107462c0ffd410030000e361018013
:10efa80000040183e361018000201083210a200e00
:10efb80000390000ca0300a6936101800020008385
:10efc800f01f00006b960582f01f200e42fbf8d45c
:10efd8008f760000836101800700008408040183a4
:10efe800090000885a0400ae000100002a0200aea1
:10eff80000010000ea0100ae00010000aa0100ae15
:10f00800000100006a0100ae000100002a0100ae04
:10f0180000010000ea0000ae00010000aa0000aef6
:10f02800000100006a0000ae000100002a0000aee6
:10f038000001000049000088f01f0000232a068212
:10f04800f01f0000c2eef8d48f760000a396058268
:10f05800f01f000042eef8d44f760000a33f06826e
:10f068008217f9d449000088300a0000e20400d46d
:10f07800300e8f1d037201722e72100a100e0000de
:10f08800a2bfffd40004e083090010884024feeded
:10f098004a0000a600200e836a0300ae23300682d1
:10f0a800f01f0000c2ebf8d44f760000a33f0682a1
:10f0b8000215f9d4100e0000130000fd1003000023
:10f0c8008b300682e2b4ffd4100e0000230000fd4e
:10f0d80010030000a330068242b4ffd4100e0000d3
:10f0e800330000fd10030000c3300682a2b3ffd432
:10f0f800100e0000430000fd10030000e3300682fc
:10f1080002b3ffd409000088037201720e72000076
:10f11800a36101800020008302b5ffd493610180c0
:10f1280000200083a2b4ffd4b361018000200083d3
:10f1380042b4ffd4c361018000200083e2b3ffd44e
:10f14800d36101800020008382b3ffd4e361018092
:10f158000020008322b3ffd4f361018000200083e4
:10f16800c2b2ffd4136201800020008362b2ffd4d0
:10f17800236201800020008302b2ffd44362018031
:10f1880000200083a2b1ffd48920208809001088bc
:10f1980083610180220df9d400010372017200001d
:10f1a8000e72000083610180082000820044000084
:10f1b8000e0000c58a0100a679000088f01f000033
:10f1c800232a0682f01f0000a2e2f8d48f760000fe
:10f1d800432c0682f01f000022e2f8d44f7600008c
:10f1e800a33f0682620bf9d4836101800372017226
:10f1f8000e72000083610180082000820044000034
:10f208000e0000c5ca0100a679000088f01f0000a2
:10f21800232a0682f01f000022e0f8d48f7600002f
:10f22800432c0682f01f0000a2dff8d44f760000be
:10f23800a33f0682e208f9d4090000882a0000ae3c
:10f2480093610180037201721e7200008361018064
:10f2580008200082004400000e0000c5aa0100a694
:10f2680079000088f01f0000232a0682f01f0000a2
:10f2780062ddf8d48f760000432c0682f01f000070
:10f28800e2dcf8d44f760000a33f06822206f9d4c8
:10f298008a0900ae936101800004e083f3010682cd
:10f2a800f01f0000c2dbf8d44f760000a33f0682af
:10f2b8000205f9d400200e8300200083100300000b
:10f2c80053020682e2a4ffd400200e83130000fd3f
:10f2d800100300008302068242a4ffd400200e839c
:10f2e800230000fd10030000b3020682a2a3ffd48e
:10f2f80000200e83330000fd10030000e3020682a5
:10f3080002a3ffd400200e83430000fd1003000079
:10f318001303068262a2ffd400200e83530000fd6f
:10f328001003000043030682c2a1ffd400200e830d
:10f33800630000fd100300007303068222a1ffd4be
:10f3480000200e83830000fd10030000a303068243
:10f3580082a0ffd400200e83930000fd100300005c
:10f36800d3030682e29fffd400200e83b30000fd82
:10f378001003000003040682429fffd400200e837e
:10f38800930000fd00390000ca0100a600200e838a
:10f398008b0200fc0e0000c54a0000a6330406825a
:10f3a8002a0000ae53040682f01f00006b04068298
:10f3b800f01f000042d3f8d48f760000a33f0682e6
:10f3c80082fcf8d4037201723e72100a8f00e1fdcc
:10f3d8008361018008200082004400000e0000c5ff
:10f3e800ca0100a679000088f01f0000232a0682bf
:10f3f800f01f000042d1f8d48f76000023ff058269
:10f40800f01f0000c2d0f8d44f760000a33f068258
:10f4180002faf8d479000088ca0600aec3610180f8
:10f428000020008300390000ce0100a67900008882
:10f43800f01f0000232a0682f01f000002cff8d434
:10f448008f760000f3ff0582f01f000082cef8d40b
:10f458004f760000a33f0682c2f7f8d479000088ef
:10f468008a0400ae53620180002000830039000046
:10f47800ce0100a679000088f01f0000232a06822a
:10f48800f01f0000c2ccf8d48f760000e30006829b
:10f49800f01f000042ccf8d44f760000a33f06824c
:10f4a80082f5f8d4790000884a0200ae8b001efc71
:10f4b800100e0000a26201d40004e0830900108845
:10f4c8004024feed4e0000a6190000882a0100ae77
:10f4d8005362018000202083c361018000200083e3
:10f4e80000201e830e0002d600200e83026a01d47b
:10f4f80009000088037201724e72100a210a320a4a
:10f508008361018008200082004400000e0000c5cd
:10f51800ca0100a679000088f01f0000232a06828d
:10f52800f01f0000c2c7f8d48f760000b30406822b
:10f53800f01f000042c7f8d44f760000a33f0682b0
:10f5480082f0f8d479000088ca0600aed361018041
:10f558000020008300390000ce0100a67900008851
:10f56800f01f0000232a0682f01f000082c5f8d48d
:10f578008f76000083050682f01f000002c5f8d4cc
:10f588004f760000a33f068242eef8d47900008847
:10f598008a0400ae53620180002000830039000015
:10f5a800ce0100a679000088f01f0000232a0682f9
:10f5b800f01f000042c3f8d48f7600006b06068265
:10f5c800f01f0000c2c2f8d44f760000a33f0682a5
:10f5d80002ecf8d4790000884a0200ae320e210eff
:10f5e800100e0000a28c00d40004e08309001088eb
:10f5f8004024feed4e0000a6190000882a0100ae46
:10f608005362018000202083d361018000200083a1
:10f6180000201e830e0002d600200e83828e00d4a6
:10f6280009000088037201724e72100a210a320a18
:10f638008361018008200082004400000e0000c59c
:10f64800ca0100a679000088f01f0000232a06825c
:10f65800f01f000042bef8d48f76000073070682c0
:10f66800f01f0000c2bdf8d44f760000a33f068209
:10f6780002e7f8d479000088ca0600aed361018099
:10f688000020008300390000ce0100a67900008820
:10f69800f01f0000232a0682f01f000002bcf8d4e5
:10f6a8008f76000043080682f01f000082bbf8d462
:10f6b8004f760000a33f0682c2e4f8d479000088a0
:10f6c8008a0400ae536201800020008300390000e4
:10f6d800ce0100a679000088f01f0000232a0682c8
:10f6e800f01f0000c2b9f8d48f7600002b090682fb
:10f6f800f01f000042b9f8d44f760000a33f0682fd
:10f7080082e2f8d4790000884a0200ae320e210e57
:10f71800100e0000827f00d40004e08309001088e6
:10f728004024feed4e0000a6190000882a0100ae14
:10f738005362018000202083d36101800020008370
:10f7480000201e830e0002d600200e83028500d4fe
:10f7580009000088037201723e72100a210a100e15
:10f76800a23ef9d40004e08383610180082000826e
:10f77800004400000e0000c5ca0100a679000088f8
:10f78800f01f0000232a0682f01f000082b4f8d47c
:10f798008f760000431d0682f01f000002b4f8d4e3
:10f7a8004f760000a33f068242ddf8d47900008836
:10f7b800aa0200ae00202e83110e0000f31d06825f
:10f7c800c21202d4004400000e0000c54a0000a680
:10f7d800290000888a0100aee361018000200083cf
:10f7e80000202e83110e00004278ffd40044000050
:10f7f8000e0000c54a0000a6990000884a0000ae25
:10f80800200e0000e20500d4037201724e72100a45
:10f81800210a320a100e0000e238f9d40004e0830d
:10f828008361018008200082004400000e0000c5aa
:10f83800ca0100a639000088f01f0000232a0682aa
:10f84800f01f0000c2aef8d48f76000003310682a4
:10f85800f01f000042aef8d44f760000a33f0682a6
:10f8680082d7f8d469000088aa0200ae00202e834f
:10f87800110e0000f31d0682020d02d400440000a0
:10f888000e0000c54a0000a6290000888a0100aec3
:10f89800e36101800020008300202e83110e000008
:10f8a8008272ffd4004400000e0000c54a0000a682
:10f8b800990000884a0000ae310e200e220200d4c2
:10f8c800037201721e7200000004e08300200e83a0
:10f8d8002233f9d42003000000201e83833d0682d2
:10f8e800c20902d4004400000e0000c54a0000a668
:10f8f800290000884a0000ae00200e83623f00d431
:10f90800037201722e7200000004e083110a120ec5
:10f9180000201e8313380682020802d40044000027
:10f928000e0000c54a0000a6290000886a0000ae43
:10f93800110e000000200e83a24000d40372017251
:10f948002e72100ac2c2ffd40004e08300200e8386
:10f9580008200082004400000e0000c54a0000a6ee
:10f96800790000884a0500ae100e0000130000fd63
:10f9780010390000ca0100a6003900006a0000a67c
:10f98800203900006a0200a60a0400ae00200e8397
:10f99800f30000fd00390000ea0200a600200e83f3
:10f9a800f30010fd100e00000e0001d64a0200ae52
:10f9b80000200e83e30000fd003900000a0200a6c3
:10f9c80000200e83e30010fd100e00000e0001d68b
:10f9d8006a0100ae00200e83e30000fd003900003c
:10f9e8002a0100a600200e83e30010fd100e00007f
:10f9f8000e0001d68a0000ae000100006a0000aec9
:10fa0800000100002a0000ae000100000900008883
:10fa1800037201721e7200000004e083090010885e
:10fa28004024feed4a0100a600200e83a241ffd427
:10fa380000390000ca0000a600200e83430000fd24
:10fa4800003900004a0000a6190000882a0000ae0c
:10fa580009000088080000821a0000e90372017298
:10fa68009e72800af3ee0586800e00006270fed456
:10fa7800100a100ee2fcffd4004400000e0000c57e
:10fa8800ea0100a6590000880004e08300200e83e4
:10fa9800f01f0000fbee0582f01f0000029cf8d466
:10faa8008f76000053ef0582f01f0000829bf8d488
:10fab8004f7600001bf00582c2c4f8d42a0c00aeb1
:10fac800100e000022d2fcd4200a000023f0058684
:10fad800200e000062cef8d4003900006a0200a6a9
:10fae80041050498004400000e0000c5ea0100a684
:10faf800070000804105049c59000088f01f0000a1
:10fb0800fbee0582f01f0000a298f8d48f76200e35
:10fb1800f01f000033f00582f01f00000298f8d4af
:10fb28008f7600001bf0058242c1f8d423f10586c8
:10fb3800800e0000226afed4300a300e0039000020
:10fb48008a0000a6300e0000a236ffd4003900005b
:10fb5800ee0100a6590000880004e08300200e830f
:10fb6800f01f0000fbee0582f01f00008295f8d41c
:10fb78008f76000033f10582f01f00000295f8d45b
:10fb88004f7600001bf0058242bef8d4aa0500aeed
:10fb9800300e000002cdfcd45200048e41002e86a7
:10fba800400e00398a0200a6400e10394a0200a60b
:10fbb800400e20390a0200a6590000880004e0839c
:10fbc80059000088f01f0000c3f10582f01f0000f3
:10fbd8006292f8d48f76400ef01f00000bf2058277
:10fbe800f01f0000c291f8d48f7600001bf0058248
:10fbf80002bbf8d46a0200ae42010ee12f72000087
:10fc0800090c0088c076000042010ee102021ee1e4
:10fc180000240183410e000042010ee1170001fd9e
:10fc280009000088800a000042010ee182e8ffd442
:10fc38000004e08342010ee1625e00d400200e83de
:10fc48006a0000ae800e000082dcfcd400200e8327
:10fc5800037201724e72100a8f00e1fd320a310ef2
:10fc6800100e0000a261fed402c5fcd40004e0839b
:10fc78008b000efc0e0000c50a0200a609001088c1
:10fc88004024feedae0100a659000088f01f0000d8
:10fc9800fbee0582f01f0000228cf8d48f76300e20
:10fca800f01f0000a3380682f01f0000828bf8d4f2
:10fcb8008f7600001bf00582c2b4f8d400200e83b2
:10fcc800037201723e7200000004e083110a220ae6
:10fcd800090010884024feedee0100a639000088d6
:10fce800f01f0000fbee0582f01f00008289f8d4a7
:10fcf8008f76200ef01f000083180682f01f000088
:10fd0800e288f8d48f7600001bf0058222b2f8d47e
:10fd180039000088ea0300ae00200e83130000fdbe
:10fd2800110e103d4a0300a6100e1039ce0000a691
:10fd380000200e83130000fd203900004e0000a6ad
:10fd4800090000886a0200ae39000088f01f000030
:10fd5800fbee0582f01f00002286f8d48f760000a3
:10fd680000200e83130000fd110ef11ff01f00008c
:10fd780073190682f01f00002285f8d4cf760000a0
:10fd88001bf0058262aef8d4290000882a0000ae74
:10fd980009000088037201723e72100a210a0000ed
:10fda800d30c068a19001088100e0000a2f8ffd4a0
:10fdb800003900004a0000a609000088aa0600ae23
:10fdc800100e000000200083130d06866256fed434
:10fdd8000004e083090010884024feed8a0000a694
:10fde80000200e830226ffd400390000ce0100a6b1
:10fdf80059000088f01f0000fbee0582f01f00008c
:10fe0800e280f8d48f760000330d0682f01f0000e0
:10fe18006280f8d44f7600001bf00582a2a9f8d4be
:10fe2800090000886a0300ae200e00398a0000a885
:10fe380000200e83a243fed4210e103d860000a8a8
:10fe4800210e000000200e836249fed42a0200ae73
:10fe580029000088f01f0000fbee0582f01f00005b
:10fe6800e27df8d48f76000000200e83e241fed4b4
:10fe7800f01f200ef01f0000eb0d0682f01f00009f
:10fe8800e27cf8d4cf7600001bf0058222a6f8d4d5
:10fe980009000088037201724e72300a300e0000a9
:10fea800021effd4003900006a0000a6300e0000d0
:10feb800c2b2fcd44a0600ae432e068a0300008470
:10fec800300e000062ecffd4100a100e003900005a
:10fed8004a0000a6100e00002a0500ae090000889e
:10fee8000004e083300e00396a0000a6300e0000de
:10fef800230000fd2a0000ae090000880004e0830a
:10ff0800ea0100ae00200e8302b0fcd4200a200ec5
:10ff1800003900000a0100a689002088532e0686b1
:10ff2800200e00000204f9d4003900004e0000a69b
:10ff3800200e00004a0200ae00200e830024e08359
:10ff4800090010884024feedcefdffa65900008868
:10ff5800f01f0000fbee0582f01f00000276f8d4c7
:10ff68008f760000832e0682f01f00008275f8d479
:10ff78004f7600001bf00582c29ef8d40900008865
:10ff8800037201727e72300a410a520a630a000043
:10ff9800090000880004e083c2bbfed4100a100eda
:10ffa800003900004a0600a6332b0686100e000012
:10ffb800c273fed4200a200e00390000ca0500a62c
:10ffc800420e00003b2b0686200e0000626efed417
:10ffd800003900004a0500a6500e00040a00008ef1
:10ffe8004b2b0686200e0000226bfed40039000041
:10fff800aa0400a6c2000ee1123000f52004310464
:02000004008179
:100008000e20008e632b0686200e0000026afed4a6
:1000180000390000ca0300a6600e00394a0100a694
:10002800600e0000082000820e0000c5ca0000a66d
:10003800620e0000832b0686200e0000e26afed4c2
:10004800003900008a0200a6100e000002a1fdd4ab
:100058000004e083090010884024feed0a0200a68f
:10006800100e0000a2bbfcd400200e83ca0300ae11
:10007800000100006a0100ae000100002a0100ae84
:1000880000010000ea0000ae00010000aa0000ae76
:10009800000100006a0000ae000100002a0000ae66
:1000a8000001000000200e830231ffd4100e000072
:1000b80042b9fcd449000088f01f0000fbee05821d
:1000c800f01f0000c26af8d48f760000932b0682d6
:1000d800f01f0000426af8d44f7600001bf005823a
:1000e8008293f8d409000088037201722e72100af4
:1000f800100e0000a288fdd40004e08309001088d7
:100108004024feedee0100a659000088f01f000013
:10011800fbee0582f01f00002268f8d48f76100edf
:10012800f01f000003290682f01f00008267f8d440
:100138008f7600001bf00582c290f8d45900008821
:100148004a0000ae00200e83a2c8ffd403720172d9
:100158003e72100a210a210e100e00004286fdd4bc
:100168000004e083090010884024feed0e0200a67a
:1001780059000088f01f0000fbee0582f01f000008
:10018800e264f8d48f76200e110ef11ff01f0000e4
:10019800d3270682f01f00002264f8d4cf7600002f
:1001a8001bf00582628df8d4590000884a0000ae21
:1001b80000200e8342c5ffd4037201723e72100afa
:1001c800210a0000b340068a19001088100e0000aa
:1001d80082d7ffd4003900004a0000a60900008831
:1001e8004a0100ae210e100e62ddffd40004e08348
:1001f800090010884024feed4e0000a60900008882
:100208004a0000ae00200e8362e4ffd4037201723c
:100218008e72600a710a000063f9058a1900108855
:10022800600e0000e2d4ffd4003900004a0000a6a6
:10023800090000887a0c00ae600e0000230000fd63
:10024800003900006a0000a6600e0000230000fdcf
:100258009a0b00ae710e600ee2d9ffd40004e08361
:10026800090010884024feed4e0000a60900008811
:100278009a0a00ae00200e83e2e0ffd4100a100ea6
:10028800003900004e0000a609000088ba0900ae37
:10029800532e0686100e0000a202f9d40039000081
:1002a800ce0100a659000088f01f0000fbee058271
:1002b800f01f0000425bf8d48f760000b3f9058286
:1002c800f01f0000c25af8d44f7600001bf00582d8
:1002d8000284f8d4090000885a0700ae82000ee1b3
:1002e80042001ee1822401e100201083210a00005f
:1002f800f9021088200e0000e287f8d4300a300e88
:1003080000390000ce0100a659000088f01f000047
:10031800fbee0582f01f00002258f8d48f7600000b
:1003280083fa0582f01f0000a257f8d44f76000028
:100338001bf00582e280f8d4090000883a0400ae78
:10034800310e200e400000e5400a000002010ee1d7
:10035800122000e16222ffd4500a500e003900003a
:10036800ce0100a649000088f01f0000fbee0582c0
:10037800f01f00004255f8d48f76000073fb058209
:10038800f01f0000c254f8d44f7600001bf005821d
:10039800027ef8d4090000885a0100ae420e210ef0
:1003a800500e000022e2f8d442010ee1410e000096
:1003b800402000e10300008408040183600e510e10
:1003c800270001fd500e0372017200006e72400a90
:1003d800510a0000333e068a19001088400e0000ba
:1003e80002c7ffd4003900004a0000a609000088af
:1003f8007a0700ae510e400ee2ccffd40004e08331
:10040800090010884024feed4e0000a6090000886f
:100418007a0600ae00200e83e2d3ffd4100a100e35
:10042800003900004e0000a6090000889a0500aeb9
:10043800532e0686100e0000a2f5f8d400390000ed
:10044800ce0100a659000088f01f0000fbee0582cf
:10045800f01f0000424ef8d48f760000b3f90582f1
:10046800f01f0000c24df8d44f7600001bf0058243
:100478000277f8d4090000883a0300ae82000ee142
:1004880042001ee1822401e100201083210a0000bd
:10049800f9021088200e0000e27af8d4300a300ef3
:1004a80000390000ce0100a659000088f01f0000a6
:1004b800fbee0582f01f0000224bf8d48f76000077
:1004c80083fa0582f01f0000a24af8d44f76000094
:1004d8001bf00582e273f8d4090000881a0000ae08
:1004e800300e0372017200003e72100a210a0000e9
:1004f800b339068a19001088100e000022beffd4f6
:10050800003900004a0000a6090000888a0100aef0
:10051800210e100e02c4ffd40004e08309001088e5
:100528004024feed4e0000a6090000888a0000aeb7
:100538000b3a068a0700008400200e83a2b8ffd475
:10054800037201721e7200000004e083b33f068a42
:100558000900108800200e8342bbffd40039000038
:100568004a0000a609000088aa0000ae00200e83f9
:1005780000200083d33f068a07000084a2b6ffd478
:10058800037201722e72100ae33f068a190010885e
:10059800100e000062b9ffd4003900004a0000a61e
:1005a800090000888a0300ae100e000000200083b6
:1005b800130d06862217fed40004e0830900108874
:1005c8004024feed8a0000a600200e83c2e6fed479
:1005d80000390000ce0100a659000088f01f000075
:1005e800fbee0582f01f0000a241f8d48f760000d0
:1005f800330d0682f01f00002241f8d44f76000028
:100608001bf00582626af8d4090000884a0000ae2f
:1006180000200e83a204fed4037201721e72000031
:100628000004e083d33e068a1900108800200e8358
:1006380082b4ffd4003900004a0000a609000088ef
:10064800aa0000ae00200e8300200083033f068a24
:1006580007000084e2afffd4037201721e7200002b
:100668000004e083133f068a1900108800200e83d7
:1006780082b2ffd4003900004a0000a609000088b1
:10068800aa0000ae00200e8300200083433f068aa4
:1006980007000084e2adffd4037201721e720000ed
:1006a8000004e083090010884024feed0e0200a635
:1006b80039000088f01f0000fbee0582f01f0000e3
:1006c800e23af8d48f760000d3400682f01f00008b
:1006d80083180682f01f0000223af8d48f760000b3
:1006e8001bf005826263f8d409000088aa0000aef6
:1006f80000200e83002000833b2b068a0300008421
:1007080082aaffd4037201723e7200000004e083e3
:10071800110a220a090010884024feed8a0000a66a
:1007280000200e83082000820e0000c5ce0100a61e
:1007380039000088f01f0000fbee0582f01f000062
:10074800e236f8d48f760000a3330682f01f00004b
:100758006236f8d44f7600001bf00582a25ff8d409
:10076800090000888a0000ae230e120e00201e83a6
:100778000900008862c0ffd4037201723e72000053
:100788000004e083110a220a090010884024feedc3
:100798008a0000a600200e83082000820e0000c5f3
:1007a800ce0100a639000088f01f0000fbee05828c
:1007b800f01f00004233f8d48f76000073340682ad
:1007c800f01f0000c232f8d44f7600001bf00582fb
:1007d800025cf8d4090000888a0000ae230e120ecd
:1007e80000201e8319000088c2bcffd40372017266
:1007f8001e7200000004e08300200e8362f6fed41f
:1008080000010372017200001e7200000004e08300
:1008180000200e8300200083027efcd400200e837b
:10082800090010880004018300200e83230000fdc6
:1008380042fcfed400200e8309001088270001fd29
:1008480000010372017200001e7200000004e083c0
:1008580000200e83ff0300841f0001fd00200e838b
:10086800030000840804018300200e830300008431
:10087800cf0001fd00010372017200001e7200002a
:100888000004e08300200e83cb0000fc1e0000c59e
:10089800420000ae070000802a0000ae030000807e
:1008a800037201721e7200000004e08300200e83b0
:1008b800cb0000fc0e0000c54a0000a60300008023
:1008c8002a0000ae07000080037201722e72000039
:1008d8000004e083110a000000200e83e2fcffd42c
:1008e8000e0000c54a0000a603000080aa0400ae5e
:1008f80000200e8362fdffd40e0000c5ca0000a6ca
:1009080000200e83ff0300841f0001fd00200e83da
:10091800030000840804018300200e831b0000fcf0
:10092800007d0000120010e1110000800500048025
:1009380001690039660000a810760000e9e31f8ffe
:10094800016b10740800108200200e831f0001fd47
:1009580000200e831b0000fc007d120e00201e8369
:1009680010742024016100000004028300200e831b
:10097800cb0000fc1a0010e000200e83cf0001fd20
:1009880007000080037201722e7200000004e083e9
:10099800110a000000200e8342f8ffd40e0000c5a3
:1009a8004a0000a603000080aa0300ae00200e83c0
:1009b80008200082007d000000201e83107420247f
:1009c80001610000002000831003100e0004018361
:1009d80000200e8308200082007d0000120010e134
:1009e800110000800500048001690039660000a834
:1009f80010760000e9e31f8f016b10740800108265
:100a080000200e830804018300200e83cb0000fc25
:100a18001a0010e400200e83cf0001fd07000080bb
:100a2800037201720e72000009000088f01f0000b6
:100a380013410682f01f0000090020880900108871
:100a480009000088623400d48f76007c037201723a
:100a58009e72800a010000880004e082d9e30f8fab
:100a6800100a0000a9031088800e0000424cf8d438
:100a78001003000002010ee1120401e100201083be
:100a8800410a00002a0200ae00200e82007e00000b
:100a980002011ee1002001e108200082ce0200c50b
:100aa8000e0100a600200e821204e0e0007e000085
:100ab80002011ee1002001e1830000840804018393
:100ac8004a0000ae00200e821204e0e000200e82f0
:100ad800007e000002011ee1002001e108200082e2
:100ae8000e0000c50efdffa6400e0000821600d4c1
:100af800800e000008200082007f0000e60400c588
:100b0800ca0100a6e60400c5a20000a8460400c564
:100b18004a0100a6d60400c5ea0c00a6da1400ae05
:100b2800460500c5aa0000a6760500c56a0000a60d
:100b3800360500c50a1400a6fa1300ae090000889d
:100b4800200a00001a0b00ae43000184200e202466
:100b5800016100000020008300390000aa0900a6f6
:100b680043000184200e202401610000002010832e
:100b7800510a000083110686800e000082bbf8d45b
:100b880000390000ae0000a6b3110686800e0000f2
:100b9800e2baf8d4003900008a0000a6520e410ecd
:100ba800390000880e0002d6ea0300aed31106868b
:100bb800800e0000c2b9f8d400390000ae0000a6cb
:100bc800f3110686800e000022b9f8d4003900001f
:100bd8008a0000a6520e410e190000880e0002d6a7
:100be8002a0200ae23120686800e000002b8f8d44e
:100bf800003900008a0000a6520e410e0900008844
:100c08000e0002d60a0100aef3110686800e00001f
:100c1800e2b6f8d4003900006a0000a6520e410e70
:100c2800290000880e0002d643120686800e0000b6
:100c3800e2b5f8d4003900006a0000a6520e410e51
:100c4800490000880e0002d673120686800e000046
:100c5800e2b4f8d400390000aa0000a6520e410ef2
:100c6800590000880e0002d609000088100a00000a
:100c78009b120686800e0000a2b3f8d4003900004b
:100c88009a0000a6520e410e690000880e0002d696
:100c98001a0000ae0001000082000ee182001ee191
:100ca800122401e100201083210a200e10390000cf
:100cb800aef4ffa81a0800ae03000080cf00e0fde4
:100cc800ea0600aec2000ee1002000ff0300018426
:100cd8002024016100201083610a600e00390000a1
:100ce8006a0500a6b3120686800e000002b0f8d48a
:100cf800003900002a0200a6c2010ee1f01f000020
:100d0800db120682f01f400e8213f8d48f76700e25
:100d180000390000aa0000a6620e410e09000088f2
:100d28000e0002d6100a00008a0000ae620e410ec4
:100d3800190000880e0002d6100a0000fb12068671
:100d4800800e000042adf8d4003900008a0000a6e9
:100d5800620e410e390000880e0002d6100a00000b
:100d680023130686800e000022acf8d40039000058
:100d78007a0000a6620e410e290000880e0002d6f5
:100d8800100a100e3204f0e12a0100a61a0000ae83
:100d980000010000cb000efc1a0000e0cf00e0fdcf
:100da800cb000efc1e0000c5c2f8ffae1a0000ae54
:100db800000100011a0000ae0001100e037201725a
:100dc8002e72100a100e0000628bf8d40004e08224
:100dd800ea0100ae00200e82007c000042001ee105
:100de800002001e108200082de0000c50e0100a6f7
:100df80000200e82007c000042001ee1002001e17c
:100e0800030000840804018309000088ea0000ae9a
:100e180000200e8210020000120011e40004e1829a
:100e28000038000066fdffa8f9e30f8f0372017216
:100e38003e72f81f100a00004700e1fc010000881c
:100e48000004e082f1ff7f80050000801104049413
:100e58002a0200ae110404901076000011040494d4
:100e6800f31b0682002000830e0000d60e0000c58a
:100e78002a0100a6d31b06820020208300200e82b0
:100e88001204e0e0007e000042001ee1002081e143
:100e98000e0002d60804808343000efc0024feecfa
:100ea800620000aa11040490003900002efdffa67c
:100eb80000200e828f1d0372017200002e72000046
:100ec8000004e0832700e1fc23001efc00200e83c1
:100ed800420600d409000088f01f0000090020889d
:100ee8000900108809000088420f00d44f76007c62
:100ef800037201721e720000b1b2b2802500008038
:100f08000004e0830f0000840e03000062fdffd49c
:100f180000010372017200004e72200a6700e1fcb2
:100f280022000ee11f720000010c008840760000cc
:100f3800efffff830004e08263001efc200e000028
:100f480062f7ffd40004e08200200e82107c0000cb
:100f580063000efc007e103dae0100a622000ee1eb
:100f68001300008442f6ffd4403800000e0100a6aa
:100f780022000ee14900208873400686821bf8d4bf
:100f8800003900004e0000a600200e824a0000ae84
:100f980002fbffd400200e82037201722e72000041
:100fa8000004e0832700e1fcea0200ae031c06828d
:100fb800002000830e0000d60e0000c54a0200a6dd
:100fc800e31b06820020108300200e831204e0e158
:100fd800082000820e0001d600010000131c0682c2
:100fe800002000830e0000d6004400000e0000c55b
:100ff8004effffa623001efc42000ee1120401e48e
:10100800002010822700e1fc23000efc00380000bd
:10101800cefcffa601000088037201722e72000048
:101028000a0300ae100e1003e3190180e224f8d47d
:10103800100e10036319018082c4ffd42341068671
:10104800e3190180c2a5f8d40004e0834a0100ae88
:1010580000200e830277f8d410390000420000ae59
:1010680000200e8342cfffd4234106860900008862
:1010780062a4f8d40004e083090010884024feed3f
:101088006efeffa642000ee110030000a3190180c6
:10109800a2c7ffd40e0000c54efcffa6f31b0682b4
:1010a800002000830e0000d60e0000c5ea0000a64e
:1010b80009000088f01f0000090020880900108836
:1010c80009000088620000d44f76000009000088fb
:1010d80003720172ce72f81f900aa10ab20a0000c8
:1010e800e32501800004e083010000882700e0fc7c
:1010f80001000088c700e0fc010000886700e0fcf0
:10110800d00f0039ca0500a6d10304901039000099
:101118008e0000a693400682c211f8d40700008012
:10112800ea2300aec2000ee5700a700e3003d20f3b
:1011380009001288e325018042a8f8d4400a00007b
:101148004a0200ae031c0682002000830e0000d66f
:101158000e0000c5aa0100a6e31b0682002010832a
:1011680000200e831204e0e1082000820e0001d660
:1011780000010000131c0682002000830e0000d628
:10118800004400000e0000c54effffa600200e839d
:10119800082000820e0000c54efdffa6420e00008a
:1011a80009001088e3250180820cf8d4b00e0039bc
:1011b8006a0000a6b00e0000030000840804018342
:1011c800f1ff7f8005000080110404946a1c00aec2
:1011d800f31b0682002000830e0000d60e0000c517
:1011e800ca1b00a6c3000efcf63f00c4820100a87b
:1011f800d31b068200201083c3000efc20020000cf
:10120800120022e0c700e2fc807c00000e0001d63c
:1012180008001082e3250180081e0183ea0200ae5f
:10122800c3000efc007c0000220020e5c3000efc79
:10123800007c0000320010e5e325018088e0208270
:10124800e3250180481c0283c3000efc007c0000db
:10125800120020e5c3000efc007c0000220010e50f
:10126800e325018088e02082e3250180481c028371
:10127800c3000efc120000e4c700e0fcc3000efc33
:10128800007c0000120010e5e325018048e00082a0
:101298003e0200c56e0000a6fbffff832700e0fcae
:1012a800da1600aec3000efc103800006e1500a858
:1012b800c3000efc007c0000120010e5e32501804d
:1012c80048e00082ae0000c58e1400a6c3000efce4
:1012d800007c0000220010e5e325018048e0008240
:1012e800de0000c5ae1300a6c3000efc30380000b7
:1012f800ce0a00a8c3000efc007c0000320010e5f6
:10130800e325018048e00082be0400c5ee0900a67e
:10131800c3000efc007c0000420010e5e3250180bc
:1013280048e00082fe0400c50e0900a6c3000efcba
:10133800007c0000120010e5e3250180030000880e
:10134800481c0283c3000efc007c0000220010e54c
:10135800e325018003000088481c0283b00e003991
:101368008a1000a6a00e0039aa0400a6a10e00004b
:10137800e3250180c27bf8d4500aa00ec25df8d4e0
:101388006700e0fc13410686500e0000828bf8d4fb
:10139800200a0000da0200aea10e200e827af8d4ec
:1013a80000390000ea0100a6b00e0000425cf8d443
:1013b80010030000c2020ee1402000e18300008417
:1013c80008040183030000841f0001fd63000efc74
:1013d800007e000082001ee1002001e11003b00e33
:1013e800c2fff7d413410686090000888288f8d422
:1013f800200a200e00390000eefcffa6aa0b00ae62
:10140800c3000efc007c0000520010e5e3250180bb
:1014180003000088481c0283c3000efc007c507641
:1014280020030000e3250184b00e000082f7f7d402
:10143800c3000efc1002000042000ee1520401e459
:10144800002010822700e1fc4a0900aee325018054
:10145800082000825e0400c58e0300a6e3250180f3
:101468001b0000fc2e0500c50e0300a6e325018025
:101478002b0000fc2e0500c58e0200a6c3000efc42
:10148800007c0000120010e5e325018003000088bd
:10149800481c0283c3000efc007c0000220010e5fb
:1014a800e325018003000088481c0283b00e003940
:1014b8006a0000a6fb2501801003b00e6200f8d474
:1014c800f1e30f8f2700e0fc9a0500aee3250180c9
:1014d80008200082de0000c50e0400a6e325018076
:1014e8001b0000fcbe0200c58e0300a6c3000efc54
:1014f800007c0000e325018403000088081c128397
:1015080002020ee11003000063190180c2a3ffd498
:101518000e0000c56a0100a6800e0000098021881f
:1015280009001088a2f0f7d4800e000009802188f5
:10153800e3250184a255f8d4800e1003a319018075
:10154800429cffd4b00e00394e0000a6d00f0039df
:101558004a0100a601000088c700e0fc11040490bd
:10156800120010e515040494003900000ee3ffa6ec
:101578005a0000ae000100001a0000ae0001000091
:10158800110404901204f0e14e0000a6efffff835f
:101598002700e0fc09000088d103049423000efc16
:1015a8008f1d0372017200001e7200006319018012
:1015b800a294ffd4a31901806294ffd4630101802f
:1015c8000004e083aa0000ae00201e836319018096
:1015d800c297ffd4098011884024eee16319018085
:1015e8000024feed06ffffaac2a1ffd44a0000ae08
:1015f800633c0682e2eaf7d40900108849000088b3
:10160800422c01d4003900002effffa609001088e3
:1016180049000088a22b01d40900008803720172d6
:10162800de72a00ab10ac20a090000880004e08339
:101638000207fed4100a100e003900004a0600a660
:10164800c2000ee15f720000090c00880d0c0088d2
:101658009077c00e003900002e0200a602dafed4f0
:10166800030100fd00390000aa0100a6c2000ee136
:1016780099011088a2ff00d4200a200e003900002a
:10168800ae0000a602030ee1c2040ee100201083a2
:10169800c10a00004a0000ae200e00004a0600ae53
:1016a800c00e0039ca0000a6c20e000043350686e7
:1016b800100e000022b7fdd4003900008a0200a6ef
:1016c80053350686100e000002bbfdd40004e083eb
:1016d800090010884024feedea0100a6b00e0000c3
:1016e800130000fd110e0000429bfdd400390000dc
:1016f8006a0100a6b00e000000201e83270001fd2d
:10170800090000880a0300ae000100009a0000ae3c
:10171800000100005a0000ae000100001a0000aeef
:101728000001100ea205fcd400200e836205fcd433
:1017380049000088f01f00005b350682f01f00009a
:10174800e2b6f7d48f76a00ef01f0000b3350682fc
:10175800f01f000042b6f7d48f76000003360682e9
:1017680082dff7d44900008803720172ee72900a92
:10177800a10ab20ac30ad40af9e30f8f200aa00efd
:101788000900108800040183b00e000009001088c9
:1017980000040183c00e0039ee0100a6390000885c
:1017a800f01f00005b350682f01f000082b3f7d4fb
:1017b8008f76900ef01f000033dd0582f01f0000c9
:1017c800e2b2f7d48f7600000336068222dcf7d423
:1017d80039000088ca1e00aed00e00398a0000a663
:1017e800d00e0000082000820e0000c5ee0100a601
:1017f80039000088f01f00005b350682f01f0000ea
:10180800e2b0f7d48f76900ef01f0000f3dd05826a
:10181800f01f000042b0f7d48f760000033606822e
:1018280082d9f7d4390000882a1c00aea00e0039ee
:101838004a0000a6b00e0039ee0100a63900008863
:10184800f01f00005b350682f01f000082aef7d45f
:101858008f76900ef01f000083de0582f01f0000d7
:10186800e2adf7d48f7600000336068222d7f7d48c
:1018780039000088ca1900aec00e0000230000fd20
:10188800003900000e0100a609002088c10e900e44
:1018980062ecffd4300a300e003900004a0000a67e
:1018a800300e00004a1800aec00e0000230010fde4
:1018b800a00e00000004018382001ee10024e183e1
:1018c800d00e00008233f8d4400a000009000088d6
:1018d800100a00009a0600ae42030ee1110e000045
:1018e800402000e1082010824f01e1fd4b010efc71
:1018f800ee0200c50e0500a6100e00390e0200a665
:1019080029000088f01f00005b350682f01f0000e8
:1019180062a8f7d48f76d00ef01f900ef01f00004b
:101928003bdf0582f01f0000a2a7f7d4cf760000a6
:1019380003360682e2d0f7d4290000888a1300ae65
:10194800200e00000024feed6e0000a642001ee1fd
:101958000024e1830a0200ae29000088f01f00007d
:101968005b350682f01f0000a2a5f7d48f76d00e53
:10197800f01f900ef01f0000d3df0582f01f00005b
:10198800e2a4f7d4cf7600000336068222cef7d43d
:1019980029000088ca1000ae42000ee142001ee194
:1019a800122401e100201083110a110e400e103d8f
:1019b80026f9ffaa200e00000024feed2e0100a645
:1019c800c00e0000230010fda00e000000040183db
:1019d800b00e000042031ee10024018309000088c4
:1019e8006a0e00ae00200e83120010e182010ee1a3
:1019f80042032ee1402402e100201083610a600eb8
:101a0800082000820e0000c50e0200a629000088ea
:101a1800f01f00005b350682f01f000002a0f7d41b
:101a28008f76d00ef01f900ef01f0000a3e0058205
:101a3800f01f0000429ff7d4cf76000003360682dd
:101a480082c8f7d4290000882a0b00aed00e000007
:101a580022d300d4700a700e00390000ee0100a6ef
:101a680049000088f01f00005b350682f01f000067
:101a7800629df7d48f76900ef01f0000b335068272
:101a8800f01f0000c29cf7d48f7600000336068250
:101a980002c6f7d429000088aa0800ae00201e83d9
:101aa800c2010ee1402000e1030000840804018324
:101ab800c00e0000230000fd710e0000e26dfdd491
:101ac800800a800e003900004a0300a6800e00003c
:101ad800c240fed4003900004e0200a6700e00007d
:101ae800c266fed429000088f01f00005b3506821c
:101af800f01f00004299f7d48f76700ef01f900ef9
:101b0800f01f000033e10582f01f00008298f7d42f
:101b1800cf76000003360682c2c1f7d429000088b8
:101b28006a0400aea00e000002021ee10024018338
:101b3800ca0000aec00e0000230000fd710e0000b8
:101b48004297fdd41003a00e00040183700e00001c
:101b58004263fed4a00e000000200083003900007c
:101b6800ee0100a649000088f01f00005b350682e0
:101b7800f01f00004295f7d48f76900ef01f0000fa
:101b8800b3350682f01f0000a294f7d48f760000c8
:101b980003360682e2bdf7d4290000888a0000ae29
:101ba800b00e000082011ee10024018309000088b4
:101bb800037201722e720000630f06820004e08334
:101bc800e2aefed408200082004400000e0000c5ea
:101bd8004a0000a609000088ea0800aec90000888b
:101be800025efed4100a100e00390000ce0100a6d5
:101bf80049000088f01f00005b350682f01f0000d6
:101c0800e290f7d48f760000d30f0682f01f000011
:101c18006290f7d44f76000003360682a2b9f7d453
:101c2800090000888a0600aec900208809001088cb
:101c3800100e000022b8f7d4c2d6fdd41003100e3f
:101c480000040183100e000000200083003900000a
:101c58008a0100a6100e0000002000835335068676
:101c68006290fdd41003100e170001fd100e000045
:101c7800130000fd003900008a0000a6100e0000c5
:101c8800aa0300ae000100002a0000ae0001000017
:101c980049000088f01f00005b350682f01f000035
:101ca800e28bf7d48f76000000200e83f01f00002f
:101cb80013110682f01f0000228bf7d48f760000e4
:101cc8000336068262b4f7d4100e000000200083a9
:101cd80042d8fbd4100e00000900108800040183cc
:101ce800100e000009001088170001fd100e0000fa
:101cf8004256fed409000088037201724e72200a0f
:101d0800310a0000531306820004e083200e0039d4
:101d18000e0200a639000088f01f00005b3506821d
:101d2800f01f0000c287f7d48f76000000200e83d2
:101d3800f01f000033dd0582f01f00000287f7d492
:101d48008f7600000336068242b0f7d43900008847
:101d58006a0300ae300e00390e0200a63900008872
:101d6800f01f00005b350682f01f00008285f7d463
:101d78008f76000000200e83f01f0000e313068218
:101d8800f01f0000c284f7d48f7600000336068265
:101d980002aef7d4390000882a0100ae320e210eb7
:101da80093140682c2c3ffd4100a100e0039000033
:101db8004a0000a6100e00002a0000ae09000088a4
:101dc800037201727e72400a510a000061000e8699
:101dd800b33a06820004e083400e00390e0200a6e2
:101de80039000088f01f00005b350682f01f0000f4
:101df8006281f7d48f76000000200e83f01f000068
:101e080033dd0582f01f0000a280f7d48f76000032
:101e180003360682e2a9f7d439000088ca0400ae66
:101e280009000088200a000009000088300a000024
:101e3800c2001ee182000ee1540e430e210310037e
:101e480000200e8322c9ffd4100a100e00390000aa
:101e58004a0000a6100e0000ea0200ae300e220e64
:101e680061000e84100302032277fdd400390000bc
:101e78000e0200a649000088f01f00005b350682ac
:101e8800f01f0000c27cf7d48f76000000200e837c
:101e9800f01f000013110682f01f0000027cf7d427
:101ea8008f7600000336068242a5f7d449000088e1
:101eb8002a0000ae09000088037201727e72400a8f
:101ec800510a620a233b06820004e083400e00396f
:101ed8000e0200a639000088f01f00005b3506825c
:101ee800f01f0000c279f7d48f76000000200e831f
:101ef800f01f000033dd0582f01f00000279f7d4df
:101f08008f7600000336068242a2f7d43900008893
:101f1800ca0400ae09000088200a000009000088f1
:101f2800300a000082001ee1c2000ee1540e430e8a
:101f38002103100300200e8382c1ffd4100a100e63
:101f4800003900004a0000a6100e0000ea0200aea8
:101f5800200e330e620e100303030000e271fdd45d
:101f6800003900000e0200a649000088f01f00009a
:101f78005b350682f01f00002275f7d48f760000cb
:101f880000200e83f01f000013110682f01f0000ce
:101f98006274f7d48f76000003360682a29df7d4c8
:101fa800490000882a0000ae090000880372017207
:101fb8007e72400a510a00008f01e2fd933b0682bf
:101fc8000004e08309000088200a00000900008856
:101fd800300a000082001ee1c2000ee1540e430eda
:101fe8002103100300200e8302bcffd4100a100e38
:101ff800003900004a0000a6100e00000a0300aed7
:1020080082010ee1002000ff210e330e200303039e
:10201800a267fdd4003900000e0200a6490000881e
:10202800f01f00005b350682f01f0000826ff7d4b6
:102038008f76000000200e83f01f00001311068227
:10204800f01f0000c26ef7d48f76000003360682b8
:102058000298f7d4490000882a0000ae09000088d9
:10206800037201726e72400a510a0000630f068201
:102078000004e08309000088200a000009000088a5
:10208800300a000082001ee1c2000ee1540e430e29
:102098002103100300200e8382b6ffd4100a100e0d
:1020a800003900004a0000a6100e0000ca0200ae67
:1020b800200e320e10030203025cfdd4003900002a
:1020c8000e0200a649000088f01f00005b3506825a
:1020d800f01f0000426af7d48f76000000200e83bc
:1020e800f01f000013110682f01f00008269f7d468
:1020f8008f76000003360682c292f7d44900008822
:102108002a0000ae09000088037201724e72200a8c
:10211800cf00e1fd332f06820004e083200e003952
:102128000e0200a639000088f01f00005b35068209
:10213800f01f00004267f7d48f76000000200e835e
:10214800f01f000033dd0582f01f00008266f7d41f
:102158008f76000003360682c28ff7d40900008804
:102168003a0600ae200e000000200083003900006f
:102178000e0200a639000088f01f00005b350682b9
:10218800f01f0000c264f7d48f76000000200e8391
:10219800f01f0000b32f0682f01f00000264f7d47e
:1021a8008f76000003360682428df7d40900008836
:1021b800ba0300aecb000efc0e0000c58a0000a6d4
:1021c800200e0000002000834294fcd46a0000ae78
:1021d800200e000000200083a294fcd4100a100ee8
:1021e800003900000e0200a649000088f01f000018
:1021f8005b350682f01f00002261f7d48f7600005d
:1022080000200e83f01f000013110682f01f00004b
:102218006260f7d48f76000003360682a289f7d46d
:10222800090000881a0000ae100e03720172000047
:102238001e7200000004e08300200e836224fed496
:1022480000010372017200001e7200000004e083a6
:10225800090010884024feedaa0000a600200e8385
:1022680000200083a2abfbd400200e83622afed498
:1022780000010372017200002e7300000701e0fde7
:102288001701e1fd090000880004e08303010efd49
:10229800f9e31f8f01610000c9001088013d0000ab
:1022a800a64600ae002d000000000000020000d687
:1022b8000a2400aeea2300ae8a3300ae6a3300aec9
:1022c800aa4500aeea0000ae6a0700ae6a0800ae92
:1022d8002a1400ae8a1d00ae4a1f00aeca4300aee3
:1022e8002a4400ae13010efd00390000aa4400a6de
:1022f800e3bb0582f01f0000090020880900108850
:10230800d3bb0582626effd44f76007c0004e08365
:1023180013011efd110a100e002000830039000071
:102328006a0100a6100e000000200083f01f0000c4
:102338002bbc0582f01f00000900208809001088c6
:10234800d3bb0582626cffd48f76007c0004e083e7
:1023580042000ee1422000e1002000830039000025
:102368008a0100a642000ee1422000e1002000831d
:10237800f01f000083bc0582f01f000009002088c0
:1023880009001088d3bb0582426affd48f76007c8f
:102398000004e083e3bc0582f01f000009002088e8
:1023a80009001088d3bb05824269ffd44f76007cb0
:1023b8000004e083fa3e00aee3bb0582f01f000094
:1023c8000900208809001088d3bb05822268ffd441
:1023d8004f76007c0004e083da3d00ae13011efd59
:1023e800210a000002020ee14bbd0586f11f200301
:1023f8002bbd0586d3bb0582c266ffd44f76003855
:102408004e3c00a682000ee1022100e102021ee11c
:10241800f01f000093bd0582f01f0103225cf7d472
:102428008f76200e00200083103900006a0200a673
:10243800003900006a0000a6203900000a0400a63e
:10244800fa0500ae200e0000430000fc007e210ebd
:10245800430011fdf01ff11fa3bd0582f01f00000e
:102468000900208809001088d3bb05822263ffd4a5
:10247800cf76007c0004e0833a0400ae200e000012
:10248800430000fc007e210e330021fd210e0000d8
:10249800430011fdf01ff21ff11f0000f3bd05827c
:1024a800f01f00000900208809001088d3bb0582ae
:1024b8000261ffd40f77007c0004e0831a0200aeab
:1024c800200e0000430000fc007e210e330021fd99
:1024d800210e0000430011fdf01ff21ff11f000044
:1024e80053be0582f01f00000900208809001088eb
:1024f800d3bb0582e25effd40f77007c0004e08343
:102508000001200e4b0100fc0e0000c5ea3300a6b6
:10251800090010884024feed8e3300a6200e00002e
:102528004b0100fc007f210e430011fdf01ff11f3d
:10253800abbe0582f01f0000090020880900108842
:10254800d3bb0582625cffd4cf76007c0004e083b5
:1025580000010000aa3100ae13011efd310a00007f
:1025680002020ee1fbbe0586f11f20032bbd058686
:10257800d3bb0582e25affd44f7600380e0800a676
:10258800c2000ee1022100e102021ee1f01f00007c
:1025980093bd0582f01f01034250f7d48f76300ea9
:1025a80000200083103900006a0200a600390000ec
:1025b8006a0000a6203900000a0400a61a0600ae28
:1025c800300e0000430000fc007e310e430011fd78
:1025d800f01ff11fa3bd0582f01f0000090020882d
:1025e80009001088d3bb05824257ffd4cf76007c00
:1025f8000004e0835a0400ae300e0000430000fce3
:10260800007e310e330021fd310e0000430011fd24
:10261800f01ff21ff11f0000f3bd0582f01f00003c
:102628000900208809001088d3bb05822255ffd4f1
:102638000f77007c0004e0833a0200ae300e000001
:10264800430000fc007e310e330021fd310e0000f6
:10265800430011fdf01ff21ff11f000053be058259
:10266800f01f00000900208809001088d3bb0582ec
:102678000253ffd40f77007c0004e0831a0000aef9
:10268800000100017a2800ae13010efd002010831e
:10269800410a400e00390000ca2700a6400ef01f6c
:1026a80043bf0582f01f0000090020880900108838
:1026b800d3bb0582e250ffd48f76007c0004e08310
:1026c8008a2600ae13011efd510a500e5b0000fc65
:1026d800007f510e00201183f01ff11f83bf058278
:1026e800f01f00000900208809001088d3bb05826c
:1026f800024fffd4cf76007c0004e083500e000028
:102708004b0000fc007f510e00201183f01ff11fc9
:10271800d3bf0582f01f0000090020880900108837
:10272800d3bb0582624dffd4cf76007c0004e083e2
:102738001a2300ae13011efd610a600e00200083fb
:1027480000390000aa0100a6600e000000200083e6
:10275800f01f000003010efdf01f000023c00582da
:10276800f01f00000900208809001088d3bb0582eb
:10277800024bffd4cf76007c0004e08382010ee197
:10278800422000e10020008300390000ca0100a6b1
:1027980082010ee1422000e100200083f01f0000ca
:1027a80003010efdf01f000073c00582f01f00003a
:1027b8000900208809001088d3bb0582a248ffd4ed
:1027c800cf76007c0004e08382010ee1822000e1e4
:1027d8000020008300390000ca0100a682010ee132
:1027e800822000e100200083f01f000003010efd9d
:1027f800f01f0000c3c00582f01f000009002088f8
:1028080009001088d3bb05824246ffd4cf76007cee
:102818000004e08382010ee1c22000e10020008371
:1028280000390000ca0100a682010ee1c22000e1c1
:1028380000200083f01f000003010efdf01f0000c0
:1028480013c10582f01f00000900208809001088c4
:10285800d3bb0582e243ffd4cf76007c0004e0833b
:1028680082010ee1022100e100200083003900000e
:10287800ca0100a682010ee1022100e100200083c6
:10288800f01f000003010efdf01f000063c1058268
:10289800f01f00000900208809001088d3bb0582ba
:1028a8008241ffd4cf76007c0004e08382010ee1f0
:1028b800422100e10020008300390000ca0100a67f
:1028c80082010ee1422100e100200083f01f000098
:1028d80003010efdf01f0000b3c10582f01f0000c8
:1028e8000900208809001088d3bb0582223fffd445
:1028f800cf76007c0004e08309000088f01f000008
:1029080003010efdf01f000003c20582f01f000046
:102918000900208809001088d3bb0582a23dffd496
:10292800cf76007c0004e0835a1300ae13011efd2d
:10293800710a000003010efd303900006e0000a688
:10294800190000880701e0fd4a0000ae2900008850
:102958000701e0fd1900108829000088029b01d4b6
:102968000004e083700e000000200083003900009e
:10297800aa0100a6700e000000200083f01f0000ce
:1029880003010efdf01f000023c00582f01f0000a8
:102998000900208809001088d3bb0582a239ffd41a
:1029a800cf76007c0004e083c2010ee1422000e102
:1029b8000020008300390000ca0100a6c2010ee110
:1029c800422000e100200083f01f000003010efdfb
:1029d800f01f000073c00582f01f00000900208866
:1029e80009001088d3bb05824237ffd4cf76007c1c
:1029f8000004e083c2010ee1822000e10020008390
:102a080000390000ca0100a6c2010ee1822000e1df
:102a180000200083f01f000003010efdf01f0000de
:102a2800c3c00582f01f0000090020880900108833
:102a3800d3bb0582e234ffd4cf76007c0004e08368
:102a4800c2010ee1c22000e100200083003900002d
:102a5800ca0100a6c2010ee1c22000e100200083e5
:102a6800f01f000003010efdf01f000013c10582d6
:102a7800f01f00000900208809001088d3bb0582d8
:102a88008232ffd4cf76007c0004e083c2010ee1dd
:102a9800022100e10020008300390000ca0100a6dd
:102aa800c2010ee1022100e100200083f01f0000b6
:102ab80003010efdf01f000063c10582f01f000036
:102ac8000900208809001088d3bb05822230ffd472
:102ad800cf76007c0004e083c2010ee1422100e1d0
:102ae8000020008300390000ca0100a6c2010ee1df
:102af800422100e100200083f01f000003010efdc9
:102b0800f01f0000b3c10582f01f000009002088f3
:102b180009001088d3bb0582c22dffd4cf76007c74
:102b28000004e08319000088f01f000003010efd77
:102b3800f01f000003c20582f01f00000900208872
:102b480009001088d3bb0582422cffd4cf76007cc5
:102b58000004e083fa0100ae13011efd230001808a
:102b6800170001fd7a0100ae13011efd230001804c
:102b780000040183fa0000aef9e30f8f0004e0833c
:102b88009a0000ae000100005a0000ae00010000eb
:102b98001a0000ae0001000000200e8303720172cb
:102ba8004e72100a4700e1fc320a0000f9e30f8f69
:102bb8000004e08343000efc007ef01f100ef01f9f
:102bc800e33d0682f01f00000900208809001088f4
:102bd800d3bb0582e227ffd4cf76007c0004e083d4
:102be800e9e31f8f4024feed8e0000a643001efc83
:102bf800300e00002216ffd40004e08300200e836c
:102c0800037201726e72100a210a320a8700e3fc0d
:102c1800540a0000f9e30f8f0004e08383000efce0
:102c2800007e510ef11ff01f300ef01f200ef01f16
:102c3800100ef01f83370682f01f0000090020885d
:102c480009001088d3bb05824224ffd48f77007c0b
:102c58000004e083e9e31f8f4024feed8e0000a608
:102c680083001efc500e00008212ffd40004e08393
:102c780000200e83037201724e72100a4700e1fcb5
:102c8800320a0000f1e30f8f0004e08243000efcdb
:102c9800007ef01f29000088f01f100ef01f0000b2
:102ca800c33c0682f01f0000090020880900108834
:102cb800d3bb0582e220ffd40f770000e6ff0fc4e4
:102cc8008e0000a643001efc300e00004212ffd406
:102cd8000004e08200200e82037201723e7200003e
:102ce8000004e0832700e1fc220a220e23001efcd8
:102cf80000200e8302fcffd4037201723e720000b2
:102d08000004e0832700e1fc220a220e23001efcb7
:0c2d180000200e8302fbffd40372017246
:020000040000fa
:02000004008179
:102d2400304000000400000000000000b054000027
:102d34001001000000000000344000000400000006
:102d44000000000038400000040000000000000003
:102d5400784d0000dc050000000000005840000031
:102d6400200d0000000000003c40000004000000b2
:102d740000000000404000000400000004000000c7
:102d8400ffff0700004000000800000000000000f2
:102d9400084000000800000000000000104000008f
:102da4000800000000000000605800004800000017
:102db40000000000184000000800000004000000ab
:102dc400cc11800068118000544000000200000013
:102dd400000000001c5a00000c0000000400000069
:102de400cc11800068118000b0128000dc59000012
:102df4001000000000000000204000000800000057
:102e040000000000845900002000000000000000c1
:102e1400564000000200000004000000ffff000014
:102e240028400000080000000000000044400000aa
:102e340004000000000000004840000004000000fe
:102e4400000000004c4000000400000000000000ee
:102e5400504000000400000000000000485a000038
:102e640004000000040000000100000058590000a4
:102e74002c000000000000004c5a00000400000078
:102e840004000000474d5400505a000004000000a4
:102e940000000000ec5900001000000000000000d9
:102ea400545a00000400000000000000cc5600004a
:102eb4007400000004000000d8560000d45600003e
:102ec400d8560000010000000300000000000000cc
:102ed40000000000000000000000000000000000ee
:102ee400805080000000000000000000000000008e
:102ef400e8318000b8888000000000000000000075
:102f040000000000000000000000000000000000bd
:102f140000000000000000000000000000000000ad
:102f2400000000000000000000000000a85800009d
:102f340046000000040000002d00256d2f25642f9d
:102f440025790025483a254d0025483a254d3a254e
:102f5400530025592d256d2d2564000a0009000014
:102f64002500253264002b256c6c6400252b2e3241
:102f740064252e32640025302a6c6c640000000045
:102f8400585a000004000000000000005c5a0000d1
:102f94000400000000000000fc59000010000000c4
:102fa40004000000494e4600696e66004e414e0022
:102fb4006e616e00a45900002000000004000000af
:102fc400286e696c2900250068076c094c836a9097
:102fd40074a07ac00080688800846c82008100003c
:102fe400405a00000800000004000000696e6600fa
:102ff4006e616e00285a00000c00000004000000fe
:103004001f1e1f1e1f1f1e1f1e1f1f1d345a0000c0
:103014000c00000004000000040000001058000030
:10302400474d5400105800005000000000000000fc
:10303400605a00000400000004000000c4590000ad
:10304400c45900001800000000000000f0580000ff
:103054003800000004000000696e66696e697479c6
:10306400006e616e000000005f708900ff092f0f81
:103074000a00000064000000e803000010270000bc
:10308400a086010040420f008096980000e1f505fb
:10309400c05500000a010000040000000001020401
:1030a4000703060500ffffffffffffffffffffff12
:1030b400ffffffffffffffffffffffffffffffff1c
:1030c400ffffffffffffffffffffffffffffffff0c
:1030d400ffffffffffff00010203040506070809c5
:1030e400ffffffffffffff0a0b0c0d0e0f10111265
:1030f400131415161718191a1b1c1d1e1f20212224
:1031040023ffffffffffff0a0b0c0d0e0f10111220
:10311400131415161718191a1b1c1d1e1f20212203
:1031240023ffffffffffffffffffffffffffffff87
:10313400ffffffffffffffffffffffffffffffff9b
:10314400ffffffffffffffffffffffffffffffff8b
:10315400ffffffffffffffffffffffffffffffff7b
:10316400ffffffffffffffffffffffffffffffff6b
:10317400ffffffffffffffffffffffffffffffff5b
:10318400ffffffffffffffffffffffffffffffff4b
:10319400ffffffffffffffffffffffffffffffff3b
:1031a400ffffffffffff0000545300005c0100001d
:1031b400040000000041534349490043002e00002d
:1031c4005e5b79595d005e5b6e4e5d0079657300f0
:1031d4006e6f0053756e004d6f6e00547565005729
:1031e4006564005468750046726900536174005345
:1031f400756e646179004d6f6e6461790054756514
:1032040073646179005765646e6573646179005411
:1032140068757273646179004672696461790053f8
:1032240061747572646179004a616e00466562007a
:103234004d617200417072004d6179004a756e00f3
:103244004a756c0041756700536570004f637400e4
:103254004e6f7600446563004a616e756172790051
:103264004665627275617279004d617263680041ee
:103274007072696c004d6179004a756e65004a751b
:103284006c79004175677573740053657074656d6e
:10329400626572004f63746f626572004e6f76658b
:1032a4006d62657200446563656d62657200414dcf
:1032b40000504d00256120256220256520255420dd
:1032c400255900256d2f25642f25790025483a2599
:1032d4004d3a25530025493a254d3a25532025706a
:1032e400000000256d2f25642f25790030313233fd
:1032f400343536373839002561202562202565208c
:1033040025542025590025483a254d3a25530000d7
:1033140028590000300000000400000000000000f4
:1033240080de280080c84d0000a7760000349e008f
:103334008012c700809fee00007e1701805c400170
:1033440080e9670100c890010055b8010c5a0000db
:103354001000000004000000494e4600696e66003b
:103364004e414e006e616e00405700006800000040
:103374000400000001000000030000000000000041
:103384000000000000000000000000000000000039
:1033940080508000000000000000000000000000d9
:1033a400e8318000b88880000000000000000000c0
:1033b4000000000000000000000000000000000009
:1033c40000000000000000000000000000000000f9
:1033d400000000000000000000000000645a00002b
:1033e4000400000000000000a8570000680000006e
:1033f40004000000010000000300000000000000c1
:1034040000000000000000000000000000000000b8
:103414008050800000000000000000000000000058
:10342400e8318000b888800000000000000000003f
:103434000000000000000000000000000000000088
:103444000000000000000000000000000000000078
:10345400000000000000000000000000685a0000a6
:103464000400000004000000010000006c5a000089
:0c34740004000000000000000000000048
:020000040000fa
:02000004008179
:103480001e7200000004e083090210884024feed53
:103490006a0000a600200e8390764039460000aef8
:1034a000190000882a0000ae09000088037201722a
:1034b0000e7200000900008842b7f6d40372017250
:1034c0003e72200a200e00394e0000a60900008836
:1034d0007a0100ae200e00002253f7d41204e0e17e
:1034e00000200e832296fdd4100a100e0039000031
:1034f0006a0000a600202e83210e100e42f1f6d4a1
:10350000100e0372017200004e72100a210a320a74
:10351000200e0039ce0100a629000088f01f00000f
:10352000e3d20582f01f0000e2c7f6d48f760000d8
:103530002bd30582f01f000062c7f6d44f7600003f
:1035400033d40582a2f0f6d4290000880a0900ae1f
:10355000300e1039620000ae200e0000030000841f
:1035600008040183300e0000860100c5c60100aecc
:1035700089000088f01f0000e3d20582f01f0000e0
:1035800022c5f6d48f7600003bd40582f01f0000e0
:10359000a2c4f6d44f76000033d40582e2edf6d40f
:1035a000890000884a0600ae42000ee122d5f6d41a
:1035b0003003000043d5058a310e200ea24bf7d40c
:1035c0000004e083890110884024feed4a0200a631
:1035d00069000088f01f0000e3d20582f01f0000a0
:1035e00022c2f6d48f76000000200e83f01f000068
:1035f00089010088f01f0000a3d50582f01f00009c
:1036000022c1f6d4cf76000033d4058262eaf6d424
:1036100069000088ca0200ae49002088b3d605863a
:10362000200e0000424cf7d400390000e60100a84b
:1036300069000088f01f0000e3d20582f01f00003f
:1036400022bff6d48f76200ef01f0000d3d605825d
:10365000f01f000082bef6d48f76000033d40582be
:10366000c2e7f6d4090000882a0000ae09000088ed
:10367000037201722e7200000004e083110a000040
:10368000090010884024feedaa0000a6100e103993
:10369000620000ae00200e83030000840804018352
:1036a00022d8fdd408200082004400000e0000c58e
:1036b0004a0000a6790000880a0300ae42d7fdd474
:1036c000030100fd00390000ea0000a6c2d6fdd4c7
:1036d000030100fd0e0000d6120e000000201e8324
:1036e00022f1ffd4aa0100ae69000088f01f00009b
:1036f000a31e0682f01f000062b9f6d48f76000088
:10370000f31e0682f01f0000e2b8f6d44f760000e8
:1037100033d4058222e2f6d4690000880372017274
:103720004e72300a300e0000530000fd660400c5e2
:103730000e0500a8300e0000430000fd0039000017
:103740008a0400a8300e0000430000fdb0390000dc
:10375000020400a8300e0000330000fd0039000014
:103760008e0300a8300e0000330000fdf60100c5f6
:10377000020300a8300e0000230000fd0039000005
:103780008a0200a8300e0000230000fd760100c56b
:10379000020200a8300e0000130000fd00390000f6
:1037a0008a0100a8300e0000130000fdb60300c51a
:1037b000020100a8300e0000002000830039000044
:1037c0008a0000a8300e000000200083c60300c558
:1037d000ce0100a819000088f01f0000a31e068279
:1037e000f01f000002b2f6d48f7600000324068298
:1037f000f01f000082b1f6d44f76000033d405826a
:10380000c2daf6d4f9e30f8f9a0900ae300e000049
:10381000530000fdc9a213884004e0e1300e00000f
:10382000430010fd42000ee1120401e1002020835c
:10383000120a100e20390000c20000a842000ee15a
:1038400042001ee1c22401e100201083110a0000a1
:103850001224eee5e9202c8f80200ee110030000f9
:10386000d9a200881015000009212c8f80200ee1bc
:1038700000390000160000a830742020000031e15b
:1038800039411c8f40202ee1f151b880e581028042
:1038900080100095512000008800f0a1400000e554
:1038a00030650000f9c31c8f40202ee1f151b88033
:1038b000e581028080100095712000008800f0a151
:1038c000400000e53061110e9941008801150000ab
:1038d00079031f8f400020e17166668065220380b6
:1038e00080100095112000008800f0a1400000e544
:1038f0000361310e330011fd1061000082000ee102
:10390000a20701e100202083220a210e0118158060
:10391000050000801015300e230020fd09010788e6
:1039200002151061300e0000130020fdc90300884d
:1039300002150161310e0000002011830161037244
:1039400001720000de72c00a42000ee1af72000098
:10395000090c0088c20200c542000ee1f01f000001
:1039600042000ee14074f01f42000ee18074f01f2f
:1039700042000ee1c074f01f42000ee10075f01f1e
:1039800042000ee14075f01f03200682f01fc00eba
:10399000c2b0f6d4cf7700000004e083690010883d
:1039a0004024feed2a0200a659000088f01f000006
:1039b000a31e0682f01f000062a3f6d48f760000db
:1039c00003200682f01fc00ef01f00005320068265
:1039d000f01f000082a2f6d4cf76000033d4058217
:1039e000c2cbf6d409000088aa0100ae42000ee165
:1039f000530000fd49412c8f800010e142000ee190
:103a0000570001fd42000ee1430000fd120010e5e9
:103a100042000ee1470001fd42000ee102e8ffd442
:103a2000037201725e72200a310a420ac2bbfdd4df
:103a3000082000820e0000c5ca0000a642bbfdd4cb
:103a40004b0400fc0e0000c54a0000a607000080e1
:103a50000a0600ae090000880004e0832a0500aed3
:103a600000201e83c2000ee1402000e108201082e9
:103a70004f00e1fd42000ee1002000fd020200e5e2
:103a8000e60500c5c20300ae42000ee1002000fdc5
:103a900062cfffd4003900002e0300a64b000efcbd
:103aa000de0000c5ca0200a64b000efcae0000c539
:103ab0006a0200a659000088f01f0000a31e0682bb
:103ac000f01f0000029bf6d48f76000042000ee14a
:103ad000002000fd00201e83f11ff01f200ef01fac
:103ae000432d0682f01f0000e299f6d40f77000004
:103af00033d4058222c3f6d403000080aa0000aeae
:103b00001224eee1400e00000024feed8afaffa828
:103b100007000080037201722e72000033390682a2
:103b2000100a00004339068282c1f6d49d2000c1ec
:103b3000030000800804e083ca0100ae00200effed
:103b400042001ee1002001e1082000821e0600c59f
:103b50004e0000a65d2000c32a0000ae5d2000c11b
:103b600093010080e25302d408200e821a0000e084
:103b70000804e083100e0000221ef7d40800008223
:103b80000824feeda6fdffaa9d2000c300010372dc
:103b900001720000ca0800d41702e0fd2702e1fd0f
:103ba000f9e30f8f0004e08313021efdf900008883
:103bb000103d0000061b00ae112d000000000000ab
:103bc000020001d6ea0100aeea0200ae6a0600aecb
:103bd000ca0700ae8a0300ae8a0400aeea1200ae45
:103be000ea0c00ae4a0e00aeaa0f00ae6a0b00aea1
:103bf0004a0800aeaa0900ae8a1000aeca1500ae8f
:103c00002a1700ae42000ee123e20586f11f2003d1
:103c10000900108813e2058202a6fed44f76007ccc
:103c20000004e083aa1700ae53e20582f01f0000f3
:103c3000090020880900108813e20582e2a4fed45e
:103c40004f76007c0004e08383e20582f01f0000d1
:103c5000090020880900108813e20582e2a3fed43f
:103c60004f76007c0004e0838a1500ae23020efd2f
:103c70000300008408040183bbe20582f01f0000fa
:103c800023022efda3e2058613e2058262a2fed482
:103c90004f76007c0004e0830a1400ae23020efd80
:103ca0000300008408040183fbe20582f01f00008a
:103cb00023022efde3e2058613e20582e2a0fed494
:103cc0004f76007c0004e0838a1200ae23020efdd2
:103cd000030000840804018343e30582f01f000011
:103ce00023022efd23e3058613e20582629ffed4a4
:103cf0004f76007c0004e0830a1100ae23020efd23
:103d0000030000840804018393e30582f01f000090
:103d100023022efd63e3058613e20582e29dfed4b5
:103d20004f76007c0004e0838a0f00ae23020efd74
:103d30000300008408040183f3e30582f01f000000
:103d400023022efdc3e3058613e20582629cfed4a6
:103d50004f76007c0004e0830a0e00ae23e4058267
:103d6000f01f0000090020880900108813e2058276
:103d7000429bfed44f76007c0004e083ea0c00ae48
:103d800023020efd00200083f01f000053e4058293
:103d9000f01f0000090020880900108813e2058246
:103da000c299fed48f76007c0004e0836a0b00aedb
:103db00023020efd00200083f01f000093e4058223
:103dc000f01f0000090020880900108813e2058216
:103dd0004298fed48f76007c0004e083ea0900aeae
:103de00023020efdf01f0000d3e40582f01f000047
:103df000090020880900108813e20582e296fed4ab
:103e00008f76007c0004e0838a0800ae23020efd5a
:103e1000030000840804018353e50582f01f0000bd
:103e200023022efd23e5058613e205826295fed46a
:103e30004f76007c0004e0830a0700ae23020efdeb
:103e4000f01f00008be50582f01f000009002088ac
:103e50000900108813e205820294fed48f76007c5c
:103e60000004e08323020efdf01f0000d3e505826d
:103e7000f01f0000090020880900108813e2058265
:103e8000c292fed48f76007c0004e08323020efdf4
:103e9000f01f00001be60582f01f000009002088cb
:103ea0000900108813e205828291fed48f76007c8f
:103eb0000004e0832a0300ae23020efd0300008409
:103ec0000804018383e60582f01f000023022efd13
:103ed00063e6058613e205820290fed44f76007ced
:103ee0000004e083aa0100ae23020efd030000845b
:103ef0000804018383e60582f01f000023022efde3
:103f0000b3e6058613e20582828efed44f76007cee
:103f10000004e0832a0000ae0001000000200e83b0
:103f200003720172be730000a90000880004e083e0
:103f3000ab0200804f00e0fd030000805f00e0fd69
:103f4000a2deffd4d3070080423302d44a0400ae7d
:103f5000031c0682002000830e0000d60e0000c560
:103f60006a0100a6e31b0682002010834b000efcb2
:103f70000e0001d600010000131c06820020008301
:103f80000e0000d6004400000e0000c54effffa644
:103f900023030080e23002d4f31b0682002000835a
:103fa0000e0000d60e0000c54a0100a6d31b0682f3
:103fb000002000830e0000d65f00e0fd5b000efcd9
:103fc0000e0500c56e0000a6b3220682629cf6d4e0
:103fd0008a0000ae1224eee5090010884024feedb0
:103fe0006efbffa6090010884024feed0e0100a61e
:103ff000233d0682f01f00003b230682f01f0000d5
:104000000273f6d48f760000b9e30f8f6a0400ae16
:10401000a90000880004e083ea0100ae62000ee11e
:1040200009001088f11f000009001088f11f20030b
:1040300009001088090000880285fed48f760000f0
:1040400062000ee1a32306866215f7d40039000052
:10405000ae0000a61224eee5090010884024feed13
:10406000cefdffa62a0000ae000100000900108866
:104070004024feed0e0100a6233d0682f01f000045
:104080003b230682f01f0000c26ef6d48f7600003c
:10409000b9e30f8f2a0000ae090000880372017295
:1040a0001e7200000100008841030494e25600d40f
:1040b000004400000e0000c5ae0300a6a25200d4ca
:1040c0000804e0832b0000844824feedee0000a6e7
:1040d00041030490007e0000c35201840300008865
:1040e000081c128341030490aa0200ae3700008826
:1040f0008824feed0a0200a641030490e60f00c4e6
:10410000620000ae01000088410304945a0100ae31
:1041100041030490120010e045030494007e000067
:10412000c352018408202e82081c1283eafbffaed2
:1041300000010000aafbffae000100006afbffae19
:10414000037201723e7200000004e083110a220a29
:1041500053fc0586100e0000829af6d40039000048
:104160002e0100a682202ee1200ef01f7bfc05828e
:10417000f01f000019021088020300004268f6d404
:104180008f7600000a1400ae93fc0586100e000026
:10419000c298f6d4003900002e0100a692222ee12a
:1041a000200ef01f7bfc0582f01f000019201088f4
:1041b000020300008266f6d48f7600004a1200ae39
:1041c000cbfc0586100e00000297f6d400390000e3
:1041d0002e0100a6a6222ee1200ef01f7bfc0582f8
:1041e000f01f00001901108802030000c264f6d419
:1041f0008f7600008a1000aef3fc0586100e0000da
:104200004295f6d4003900002e0100a6b6232ee117
:10421000200ef01f7bfc0582f01f000019011088a2
:10422000020300000263f6d48f760000ca0e00aecf
:1042300023fd0586100e00008293f6d4003900009d
:104240004e0100a6c940108840202ee1200ef01f2c
:104250007bfc0582f01f000019201088020300007b
:104260002261f6d48f760000ea0c00ae4bfd058685
:10427000100e0000a291f6d4003900004e0100a6f5
:10428000d960108840202ee1200ef01f7bfc0582b3
:10429000f01f00000940108802030000425ff6d4be
:1042a0008f7600000a0b00ae93fd0586100e00000d
:1042b000c28ff6d400390000ce0000a6200e000008
:1042c0004269f6d41002000000200e83770a01fc38
:1042d000aa0900aee3fd0586100e0000628ef6d43a
:1042e000003900004e0100a609a1108840202ee1ef
:1042f000200ef01f7bfc0582f01f00000960108873
:1043000002030000025cf6d48f760000ca0700aefc
:104310001bfe0586100e0000828cf6d400390000ca
:104320004e0100a60901118840202ee1200ef01f49
:104330007bfc0582f01f000009401088020300008a
:10434000225af6d48f760000ea0500ae63fe058699
:10435000100e0000a28af6d4003900004e0100a61b
:104360000941118840202ee1200ef01f7bfc0582c0
:10437000f01f000019021088020300004258f6d412
:104380008f7600000a0400aea3fe0586100e000022
:10439000c288f6d4003900004e0100a619431188e6
:1043a00040202ee1200ef01f7bfc0582f01f000054
:1043b00019021088020300006256f6d48f760000be
:1043c0002a0200aee3fe0586100e0000e286f6d457
:1043d000003900004e0100a62961118840202ee11d
:1043e000200ef01f7bfc0582f01f000019021088d0
:1043f000020300008254f6d48f7600004a0000ae1b
:10440000030000802a0000ae0700008003720172e2
:104410001e7200002a0600aec23700d40804e083f2
:104420002b0000844824feed6e0300a66103049077
:10443000007e0000c356018403000088081c12831c
:104440006103049090380000ee0000a6533f0686fa
:10445000c3560180a282f6d4003900004e0000a6a7
:10446000190000882a0000ae090000881f00e0fd46
:104470001b000efc1a0000e91f00e0fd010000888f
:10448000610304941b000efc0e0000c56a0200a626
:1044900007000080aa0200ae370000888824feede5
:1044a0002e0000a6aa0100ae61030490e0380000cf
:1044b000060100ae61030490120010e0650304944d
:1044c000007e0000c356018408202e82081c12833f
:1044d0004a0000ae0100008861030494623500d4f4
:1044e0000e0000c58ef9ffa6030000800372017262
:1044f0005e72400a8963218809001088400e00001e
:104500000272f6d4c2dcffd40004e08201001088fd
:104510004024feecaa0400a663210686c352018053
:10452000427cf6d4003900004a0400a6d903108862
:10453000c35201804276f6d4100a100e00390000f2
:104540008e0000a6732106828270f6d403000080dc
:104550008a0400ae100e00000300008408040183ea
:10456000c3520180200a0000c2000ee142001ee199
:10457000122401e100201083310a320e210e400e78
:1045800002deffd4004400000e0000c5aafbffa617
:10459000200ef01fcb210682f01f00002246f6d429
:1045a0008f76000003000080ca0100ae0001000009
:1045b0008afaffae0001400ec21c01d40044000084
:1045c0000e0000c58a0000a633220682626cf6d473
:1045d000030000806a0000ae9b220682e26bf6d4e4
:1045e00007000080037201722e7200000004e08355
:1045f000110a0000090010884024feed8a0100a67f
:10460000290010884024feedc20000ae3900108859
:104610004024feedce0000a6070000800103049cac
:104620007a0000ae070000801103049c1a0000ae5f
:1046300000010001037201722e7200000004e08389
:10464000110a0000090010884024feed6e0000a64b
:10465000070000802103049caa0000ae1900108806
:104660004024feed4e0000a6030000802103049cc0
:1046700009000088037201727e72600ae24600d46b
:104680006279fed4030000800103049c03000080d3
:104690001103049ca3170586a9000088429000d44a
:1046a00042000ee1090010880004018382010ee13e
:1046b000822010e142000ee1170001fd82010ee1af
:1046c000922210e142000ee1270001fd42000ee1be
:1046d00029001088370001fd42000ee1030000842c
:1046e0000f0101fd42000ee11003000039000088b7
:1046f000a28d00d40900108809000088428d00d4e2
:10470000221402d40004e0834a0100aea248fed481
:10471000a21302d400201ee50103000006e204c536
:10472000820000ae033c06828261f6d40300008062
:104730002a0100ae01030498004400000e0000c5e9
:104740008a0000a611030498004400000e0000c572
:10475000cefdffa601030498037201728e72700ae7
:10476000c2010ee109412188802010e142000ee1e2
:1047700000040183c2010ee119432188802010e169
:1047800042000ee1170001fdc2010ee129612188fe
:10479000802010e142000ee1270001fd42000ee101
:1047a00009001088370001fdc2010ee1d9602088a0
:1047b000802010e142000ee1470001fdc2010ee140
:1047c000d9602088802010e142000ee1570001fdf1
:1047d00042000ee1100300001900008802d5fed44b
:1047e00039000088f01f0000430a0682f01f000015
:1047f0000900208809001088330a0682e246fed4a8
:104800008f76000019000088f01f0000830a0682de
:10481000f01f00000900208809001088330a068272
:10482000c245fed48f760000c2010ee1d960108827
:10483000402000e1f01f0000c30a0682f01f0000c4
:104840000900208809001088330a06826244fed4d9
:104850008f76700e730a00fc007ef01f0b0b068231
:10486000f01f00000900208809001088330a068222
:104870004243fed48f760000c2010ee1c940208879
:10488000802000e1f01f00004b0b0682f01f0000ab
:104890000900208809001088330a0682e241fed40c
:1048a0008f760000c2010ee109a11088402000e1ce
:1048b000f01f0000930b0682f01f00000900208803
:1048c00009001088330a06828240fed48f760000e9
:1048d000db0b0682f01f0000e30b0682f01f0000d6
:1048e0000900208809001088330a0682623ffed43e
:1048f0008f760000c9030088f01f00002b0c068291
:10490000f01f00000900208809001088330a068281
:10491000423efed48f760000030000802103049cf9
:10492000e318058689000088c25600d40900108863
:1049300019000088625600d4620202d40004e083a9
:104940004a0100aee236fed4e20102d400202ee598
:104950000203000086a903c5820000ae6b0c06822c
:10496000c24ff6d403000080aa0000ae21030498d1
:10497000004400000e0000c54efeffa607000080a8
:10498000037201729e72800a8291fed40004e08359
:10499000090010884024feed8e0000a62315068233
:1049a000c24df6d403000080aa0700aea24ff6d491
:1049b00020030000b10cdf8085400180801000954d
:1049c000412000008800f0a1400000e55922108835
:1049d00001150000800000e5000400000a00008ec0
:1049e000a315068600200e83029ffed403000084d8
:1049f00000200e83e2b8fed4100a000000200e83cf
:104a000062c2fed4100e00398e0000a6c3150682c5
:104a1000424af6d4030000802a0400aec2000ee130
:104a20000900108800040183c2000ee119001088fb
:104a3000170001fdc2000ee109001088270001fdea
:104a400002020ee109012188802010e1c2000ee17e
:104a5000370001fdc2000ee1110e0000470001fd0c
:104a6000c2000ee11003000079000088a24c00d4bf
:104a7000200a100ef01f000093160682f01f00009f
:104a8000021ff6d48f76100e62bdfed4210e0000f8
:104a900009000088103d00001fc010f808000082c7
:104aa000037201720e720000c22bfed40001037269
:104ab000017200000e7200000100008005400080bd
:104ac000117001940108e08025000080517001946c
:104ad00049a20188917001941d7001c3057001c342
:104ae000017001c300010372017200000e72000028
:104af00009000088117001940108e0802500008001
:104b000051700194090000889170019400010372b2
:104b1000017200000e7200011b5c0080002000ff8b
:104b2000002a00001a0000e91e0000c54affffa687
:104b3000135c0080002000ff002a00001a0000e93a
:104b40001e0000c52e0000a6457001c0d170019066
:104b500008000082037201721e7200000804e083e4
:104b6000000100001b5c0080002000ff000040a24c
:104b70001a0000e91e0000c54affffa600200eff34
:104b80001171019400010372017200000e720000a5
:104b90001b5c0080002000ff002a00001a0000e9d2
:104ba00000440372017200000e7200001b5c008062
:104bb000002000ff000040a21a0000e90e0000c51e
:104bc0000e0100a6035c0080002000ff000050a240
:104bd0001a0000e90e0000c54a0000a6190000886e
:104be0002a0000ae09000088080000821a0000e9cf
:104bf000037201720e720000135c0080002000ff3f
:104c0000000070a2080000820e0000c50a0100a684
:104c10001b5c0080002000ff000050a21a0000e989
:104c20000e0000c54a0000a6190000882a0000ae48
:104c300009000088080000821a0000e9037201726e
:104c40000e720000057001c30001037201720000c2
:104c50000e720000057001c10001037201720000b4
:104c60001e7200000804e083497201c108200e8210
:104c70001a0000e9000020a44572019821400000bc
:104c8000480000eb4172019c08200e821a0000e9e6
:104c9000000060a40570019861400000480000eb2e
:104ca0000170019c00010372017200000e7200008d
:104cb000035c0080002000ff000060a21a0000e9f1
:104cc000007f000009001088013d00001fc010f89f
:104cd0000044000008000082037201720e7200009e
:104ce000935c0080002000ff000020a21a0000e971
:104cf000007f000009001088013d00001fc010f86f
:104d00000044000008000082037201720e7200006d
:104d100009000088d1040494135c0080002000ff87
:104d2000000030a21a0000e91e0000c56e0000a6b7
:104d3000d104049000420000d1040494135c00806c
:104d4000002000ff000060a21a0000e91e0000c55c
:104d50006e0000a6d104049010420000d104049417
:104d6000135c0080002000ff002a00001a0000e908
:104d70001e0000c58e0000a6d10404902042000051
:104d8000d1040494457001c0417001981a0000e9f3
:104d90001e0000c58e0000a6d10404903042000021
:104da000d1040494417001c0135c0080002000ff16
:104db000000050a21a0000e91e0000c58e0000a6e7
:104dc000d104049040420000d1040494457001c114
:104dd000d1040490037201721e7200000004e0838b
:104de00000201e839570019400010372017200007f
:104df0000e72000091700190037201722e72100aff
:104e0000100e0000e60500c5620100ae100e00396c
:104e10002a0100a63d7001c20d7001c101105e8023
:104e2000f5210080120e9f72070002ea00030000c5
:104e30000004e0830a0300ae100e0000760100c5f6
:104e4000620100ae3d7001c00d7001c3100e000084
:104e5000080022a401105e80f52100809f720000ee
:104e6000070002ea000300001204e0e54a0100ae78
:104e70003d7001c00d7001c1100e0000080042a479
:104e800001105e80f52100809f720000070002ea99
:104e9000000300001204e0e500201e8395700194d9
:104ea00000010372017200002e72000002faffd4aa
:104eb000100a00000f5c0080002000ff000030a2fc
:104ec0001a0000e91e0000c52e0100a6100e0039d0
:104ed000ea0000a601105e80f5210080120e9f728c
:104ee000070002ea000300000004e0832a0300ae8a
:104ef000035c0080002000ff000070a20800008218
:104f00001e0000c54e0100a642000ee1122000e185
:104f1000080022a401105e80f52100809f7200002d
:104f2000070002ea000300000004e0832a0100ae4b
:104f300042000ee1122000e1080042a401105e8050
:104f4000f52100809f720000070002ea00030000c4
:104f50000004e08300200e83037201720e720000d1
:104f60000100008005400080117401940108e08078
:104f7000250000805174019429c300889174019424
:104f80001d7401c3057401c3017401c300010372e0
:104f9000017200000e720000090000881174019473
:104fa0000108e08025000080517401940900008808
:104fb0009174019400010372017200000e720001ed
:104fc0001b5d0080002000ff002a00001a0000e99d
:104fd0001e0000c54affffa6135d0080002000fff1
:104fe000002a00001a0000e91e0000c52e0000a6dd
:104ff000457401c0d17401900800008203720172ef
:105000001e7200000804e083000100001b5d0080a8
:10501000002000ff000040a21a0000e91e0000c5a9
:105020004affffa600200eff1175019400010372d4
:10503000017200000e7200001b5d0080002000ff66
:10504000002a00001a0000e9004403720172000007
:105050000e7200001b5d0080002000ff000040a2d7
:105060001a0000e90e0000c50e0100a6035d0080d5
:10507000002000ff000050a21a0000e90e0000c549
:105080004a0000a6190000882a0000ae0900008826
:10509000080000821a0000e9037201720e7200001b
:1050a000135d0080002000ff000070a20800008255
:1050b0000e0000c50a0100a61b5d0080002000ff55
:1050c000000050a21a0000e90e0000c54a0000a628
:1050d000190000882a0000ae09000088080000823c
:1050e0001a0000e9037201720e720000057401c318
:1050f00000010372017200000e720000057401c10c
:1051000000010372017200001e7200000804e083b7
:10511000497601c108200e821a0000e9000020a48f
:105120004576019821400000480000eb4176019c43
:1051300008200e821a0000e9000060a4057401989e
:1051400061400000480000eb0174019c0001037203
:10515000017200000e720000035d0080002000ff5d
:10516000000060a21a0000e9007f0000090010881a
:10517000013d00001fc010f800440000080000823c
:10518000037201720e720000935d0080002000ff28
:10519000000020a21a0000e9007f0000090010882a
:1051a000013d00001fc010f800440000080000820c
:1051b000037201720e720000090000881105049448
:1051c000135d0080002000ff000030a21a0000e9fb
:1051d0001e0000c56e0000a61105049000420000ec
:1051e00011050494135d0080002000ff000060a200
:1051f0001a0000e91e0000c56e0000a6110504900b
:105200001042000011050494135d0080002000ff8f
:10521000002a00001a0000e91e0000c58e0000a64a
:10522000110504902042000011050494457401c04a
:10523000417401981a0000e91e0000c58e0000a606
:10524000110504903042000011050494417401c01e
:10525000135d0080002000ff000050a21a0000e94a
:105260001e0000c58e0000a61105049040420000fb
:1052700011050494457401c1110504900372017273
:105280001e7200000004e08300201e8395740194c8
:1052900000010372017200000e720000917401900f
:1052a000037201722e72100a100e0000e60500c58e
:1052b000620100ae100e00392a0100a63d7401c241
:1052c0000d7401c101105e80f5210080120e9f72e5
:1052d000070002ea000300000004e0830a0300aeb6
:1052e000100e0000760100c5620100ae3d7401c0e1
:1052f0000d7401c3100e0000080022a401105e808e
:10530000f52100809f720000070002ea0003000000
:105310001204e0e54a0100ae3d7401c00d7401c104
:10532000100e0000080042a401105e80f5210080ec
:105330009f720000070002ea000300001204e0e58b
:1053400000201e8395740194000103720172000015
:105350002e72000002faffd4100a00000f5d0080d8
:10536000002000ff000030a21a0000e91e0000c566
:105370002e0100a6100e0039ea0000a601105e8082
:10538000f5210080120e9f72070002ea0003000060
:105390000004e0832a0300ae035d0080002000ffcc
:1053a000000070a2080000821e0000c54e0100a689
:1053b00042000ee1122000e1080022a401105e80ec
:1053c000f52100809f720000070002ea0003000040
:1053d0000004e0832a0100ae42000ee1122000e149
:1053e000080042a401105e80f52100809f72000039
:1053f000070002ea000300000004e08300200e839f
:10540000037201722e7300000701e0fd1701e1fd38
:10541000f9e30f8f0004e08303011efd990000886b
:10542000103d0000a62300ae112d0000000000007a
:10543000020001d62a0100ae2a1600ae2a1800aedc
:105440002a1900ae0a1d00ae4a1e00ae8a1f00ae29
:10545000ca1900aeaa2000ae4a2100ae13011efdfb
:10546000110a000039000088f01f000063b50582b2
:10547000f01f0000090020880900108853b505823c
:10548000c2e2fdd48f76007c0004e083100e0000a1
:105490002b0100fc0e0000c50a0500a6100e00003e
:1054a0008b0100fc0e0000c54a0200a6100e000091
:1054b0002b0100fc1e0000c5ee0000a6100e00002f
:1054c000530000fd1003000039000088826dfed4f7
:1054d0000004e083ca0100ae100e0000530000fd7e
:1054e0001003000049000088a26cfed40004e08391
:1054f000ea0000ae100e0000530010fd100e000078
:105500002b0100fc007f0000a26bfed40004e083ae
:10551000100e00002b0100fc007ff01fa3b50582d8
:10552000f01f0000090020880900108853b505828b
:1055300042ddfdd48f76007c0004e083100e000075
:1055400000200083f01f0000e3b50582f01f00007b
:10555000090020880900108853b50582e2dbfdd4dc
:105560008f76007c0004e083100e0000830000fcb6
:10557000007ef01f2bb60582f01f00000900208876
:105580000900108853b5058282dafdd48f76007c3d
:105590000004e083100e0000130000fdf01f000067
:1055a0006bb60582f01f00000900208809001088f2
:1055b00053b5058222d9fdd48f76007c0004e083a8
:1055c000100e0000230000fdf01f0000b3b605829e
:1055d000f01f0000090020880900108853b50582db
:1055e000c2d7fdd48f76007c0004e083100e00004b
:1055f000330000fdf01f0000fbb60582f01f000025
:10560000090020880900108853b5058262d6fdd4b0
:105610008f76007c0004e083c9030088f01f00003f
:1056200043b70582f01f0000090020880900108898
:1056300053b5058222d5fdd48f76007c0004e0832b
:1056400009000088f01f000083b70582f01f0000ea
:10565000090020880900108853b50582e2d3fdd4e3
:105660008f76007c0004e08389210188f01f000010
:10567000c3b70582f01f00000900208809001088c8
:1056800053b50582a2d2fdd48f76007c0004e0835e
:1056900042010ee103b80586860200d4086c01833e
:1056a00042010ee1b3b805866262f6d4200a200eec
:1056b00000390000ca0100a6cbb80586200e000004
:1056c0002272f6d4300a300ef01f0000d3b80582e3
:1056d000f01f0000090020880900108853b50582da
:1056e000c2cffdd48f76007c0004e0838a0d00ae2b
:1056f00023b9058222e3f5d4000100000a0d00aeb3
:105700008bb90582f01f000009002088090010886d
:1057100053b5058222cefdd44f76007c0004e08391
:10572000e3b90582f01f00000900208809001088f5
:1057300053b5058222cdfdd44f76007c0004e08372
:10574000ea0a00ae23ba0582f01f00000900208893
:105750000900108853b5058202ccfdd44f76007c39
:105760000004e083ca0900ae8bb90582f01f000077
:10577000090020880900108853b50582e2cafdd4cb
:105780004f76007c0004e083aa0800ae13011efde2
:10579000410a400e430040fd400e0000330030fd42
:1057a000400e0000230020fd400e0000130010fdfd
:1057b000400e000000200083f41ff31ff21ff11fb2
:1057c000f01f000063ba0582f01f00000900208866
:1057d0000900108853b5058202c8fdd48f77007c7c
:1057e0000004e083ca0500ae13010efdf01f0000a7
:1057f000e3ba0582f01f0000090020880900108824
:1058000053b50582a2c6fdd48f76007c0004e083e8
:105810006a0400ae13010efdf01f000033bb0582c9
:10582000f01f0000090020880900108853b5058288
:1058300042c5fdd48f76007c0004e0830a0300aeed
:1058400013010efdf01f000083bb0582f01f000056
:10585000090020880900108853b50582e2c3fdd4f1
:105860008f76007c0004e083aa0100ae13011efdc8
:1058700003000180170001fd090000880004e08397
:10588000ea0000ae13011efd030001800004018345
:10589000090000880004e0832a0000ae0001000037
:1058a00000200e83037201725e72300a410a00000a
:1058b000090000880004e083310e0000b900008870
:1058c000103d0000061f00ae112d0000000000007a
:1058d000020001d66a0100ae6a0200ae6a0300aea1
:1058e000aa0800ae4a0400aeaa0500ae2a1e00ae09
:1058f000aa0600ae4a1a00ae4a1b00ae4a1c00ae11
:10590000aa1c00ae13f60582f01f000009002088d3
:105910000900108803f6058202befdd44f76007c94
:105920000004e083ba1c00ae43f60582f01f0000bd
:10593000090020880900108803f60582e2bcfdd426
:105940004f76007c0004e0839a1b00ae73f605825c
:10595000f01f0000090020880900108803f6058266
:10596000c2bbfdd44f76007c0004e0837a1a00aeff
:10597000400e000008200082007ff01fa3f6058281
:10598000f01f0000090020880900108803f6058236
:1059900042bafdd48f76007c0004e083fa1800ae92
:1059a000400ef01fa3f60582f01f000009002088ba
:1059b0000900108803f6058202b9fdd48f76007cb9
:1059c0000004e083ba1700ae400e000008200082f9
:1059d000007ff01fe3f60582f01f00000900208819
:1059e0000900108803f6058282b7fdd48f76007c0b
:1059f0000004e0833a1600ae410e110a100e0000ba
:105a00000020008300390000ce0700a673f605824f
:105a1000f01f0000090020880900108803f60582a5
:105a2000c2b5fdd44f76007c0004e08343f60582c6
:105a3000f01f0000090020880900108803f6058285
:105a4000c2b4fdd44f76007c0004e083100e000049
:105a5000130000fdf01f000023f70582f01f000077
:105a6000090020880900108803f6058262b3fdd47e
:105a70008f76007c0004e083100e0000230000fd00
:105a8000f01f00006bf70582f01f0000090020885e
:105a90000900108803f6058202b2fdd48f76007cdf
:105aa0000004e083100e0000330000fdf01f000032
:105ab000b3f70582f01f0000090020880900108854
:105ac00003f60582a2b0fdd48f76007c0004e0834b
:105ad000100e00000b0100fc0e0000c5ea0e00a62f
:105ae00013f60582f01f00000900208809001088c5
:105af00003f6058222affdd44f76007c0004e083dc
:105b0000ca0d00ae100e0000002000831039000006
:105b10004e0d00a61b0000808f00e0fd43f60582bd
:105b2000f01f0000090020880900108803f6058294
:105b300042adfdd44f76007c0004e08373f605820d
:105b4000f01f0000090020880900108803f6058274
:105b500042acfdd44f76007c0004e083100e0000c0
:105b6000130000fdf01f0000f3f70582f01f000096
:105b7000090020880900108803f60582e2aafdd4f6
:105b80008f76007c0004e083100e0000230000fdef
:105b9000f01f000043f80582f01f00000900208874
:105ba0000900108803f6058282a9fdd48f76007c57
:105bb0000004e083100e0000330000fdf01f000021
:105bc00093f80582f01f0000090020880900108862
:105bd00003f6058222a8fdd48f76007c0004e083c2
:105be00082000ee1002000fff01f0000a3f60582f6
:105bf000f01f0000090020880900108803f60582c4
:105c0000c2a6fdd48f76007c0004e083100e000055
:105c10000b0100fc0e0000c50a0500a6d3f80582a2
:105c2000f01f0000090020880900108803f6058293
:105c300042a5fdd44f76007c0004e083ea0300ae69
:105c400003f90582f01f0000090020880900108870
:105c500003f6058222a4fdd44f76007c0004e08385
:105c6000da0200ae33f90582f01f00000900208837
:105c70000900108803f6058202a3fdd44f76007c4c
:105c80000004e083ba0100ae410e00004300018031
:105c9000170001fd3a0100ae410e000043000180f3
:105ca00000040183ba0000aef9e30f8f0004e08323
:105cb0005a0000ae000100001a0000ae0001000012
:105cc00000200e8303720172ca1c00d41707e0fd86
:105cd0002707e1fdf9e30f8f0004e08313070efdb2
:105ce00030390000aa0a00a613070efd3039000063
:105cf000e60000ae13070efd10390000aa0400a64e
:105d000013070efd10390000e60200ae4a0100ae96
:105d100013070efd503900006a1700a613070efd89
:105d200050390000660e00aa13070efd603900000e
:105d30002a1400a64a1900ae23070efd03000084b2
:105d400008040183e3f20582f01f000023072efd03
:105d5000a3f20586d3f20582029cfdd44f76007c27
:105d60000004e083ca1700ae23070efdf01f0000f9
:105d70001bf30582f01f000009002088090010882d
:105d8000d3f20582a29afdd48f76007c0004e083d2
:105d90006a1600ae23071efd110a100e130000fc48
:105da000107e100e08200082007ff11ff01f0000ff
:105db000a3f30582f01f0000e335018873f3058625
:105dc000d3f20582a298fdd4cf76007c0004e08354
:105dd00042000ee1622010e142000ee1422000e1ab
:105de000f11ff01f03f40582f01f0000e33501806e
:105df000828cf5d4cf76000033f40586e33501803c
:105e00002238f6d4200a000033f405860900008801
:105e1000a237f6d4200a000033f405860900008872
:105e20002237f6d4200a000042000ee1822000e171
:105e3000210e0000e2b4f5d42a1100ae23071efda6
:105e4000310a0000c2010ee1960600d4090c008858
:105e5000821a00c5c2010ee18b0000840804018390
:105e6000c2000ee1822010e1c2010ee110740000b8
:105e700002b3f5d4300e0000330000fc007e107435
:105e8000c2011ee18b000088081c1283300e000046
:105e9000330010fcf3ffff8301680000420010e0b4
:105ea000300e0000370001fc300e0000330000fc13
:105eb000207e300e230000fc107e300e130000fc0c
:105ec000007e0000c2013ee1f31ff21ff11ff01f30
:105ed0003bf40582f01f00000900208809001088ab
:105ee000d3f20582a28ffdd44f77007c0004e083bb
:105ef0006a0b00ae23071efd410a0000c2010ee13d
:105f0000960600d4090c0088821a00c5c2010ee171
:105f10008b0000840804018302010ee1822010e15d
:105f2000c2010ee11074000042adf5d4400e000035
:105f3000330000fc007e1074c2011ee18b0000885b
:105f4000081c1283400e0000330010fcf3ffff8397
:105f500001680000420010e0400e0000370001fc24
:105f600002010ee1822040e1400e0000330000fcff
:105f7000307e400e230000fc207e400e130000fc0b
:105f8000107e400e08200082007ff41ff31ff21fd6
:105f9000f11ff01fb3f40582f01f000009002088f4
:105fa00009001088d3f205828289fdd48f77007ca6
:105fb0000004e0834a0500ae23071efd510a500e7f
:105fc000330000fc307e500e230000fc207e500e7b
:105fd000130000fc107e000042010ee1822000e16f
:105fe000f31ff21ff11f00002bf50586f11f2003a0
:105ff00073f30586d3f205820287fdd40f77007c08
:106000000004e083ca0200ae23071efd610a600e91
:10601000330000fc407e600e230000fc307e600eea
:10602000130000fc207e600e08200082107f00001c
:1060300082010ee1822000e1f41ff31ff21ff11f25
:106040008bf50586f11f200373f30586d3f20582d5
:106050004284fdd44f77007c0004e08300010000ff
:1060600000200e83037201720e720000411003982b
:10607000010000ca0d0010ca4110039c091003c2a0
:106080000001000007c40080002000ff000020a2e3
:106090001a0000e90e0000c54affffa6811103980f
:1060a0000f0030f84e0000c5020200ae81110398c7
:1060b0000f0030f88e0000c5860100ae91110398e4
:1060c000110000ca0d0030ca9111039cad1103c329
:1060d000000100006bc40080002000ff000070a2df
:1060e000080000821e0000c54affffa6013009809b
:1060f000050000809118039491820c8005010080b6
:10610000d1180394b91803c3000100002fc6008002
:10611000002000ff000060a21a0000e91e0000c578
:106120004affffa6b11803c3000100002fc600807c
:10613000002000ff000040a21a0000e91e0000c578
:106140004affffa6ad1803c3000100002bc6008064
:10615000002000ff000070a2080000821e0000c5a1
:106160004affffa60001000007c40080002000ffd6
:10617000000060a21a0000e90e0000c54affffa659
:10618000010040800500008011190394a91803c381
:10619000000100002bc60080002000ff000060a26c
:1061a0001a0000e91e0000c54affffa69d1803c1a2
:1061b00001100980050000805119039491d20780d5
:1061c0000501008091190394791903c300010000af
:1061d0005fc60080002000ff000060a21a0000e9f6
:1061e0001e0000c54affffa6711903c3000100008d
:1061f0005fc60080002000ff000040a21a0000e9f6
:106200001e0000c54affffa66d1903c30001000070
:106210005bc60080002000ff000070a20800008222
:106220001e0000c54affffa60001000007c4008051
:10623000002000ff000070a2080000820e0000c5d0
:106240004affffa60100308005000080d1190394a9
:10625000691903c3000100005bc60080002000ff35
:10626000000060a21a0000e91e0000c54affffa658
:106270005d1903c101682980150000809111039404
:1062800009000088d1110394ad1103c3000100007f
:106290006bc40080002000ff000070a20800008294
:1062a0001e0000c54affffa61118298005000080c6
:1062b000111203942d1203c3000100008bc400804f
:1062c000002000ff000070a2080000821e0000c530
:1062d0004affffa62128198005000080911203942f
:1062e000ad1203c300010000abc40080002000ff1a
:1062f000000070a2080000821e0000c54affffa631
:1063000001582980050000801114039409000088b9
:10631000511403942d1403c3000100000bc5008029
:10632000002000ff000070a2080000821e0000c5cf
:106330004affffa60178298005000080111603940a
:10634000010014800500008051160394291603c330
:10635000000100008bc50080002000ff000060a24b
:106360001a0000e91e0000c54affffa62d1603c350
:10637000000100008bc50080002000ff000070a21b
:10638000080000821e0000c54affffa6000103723c
:046390000172000096
:020000040000fa
:02000004008179
:10639400696f74636c5f696e69743a20436c6965f4
:1063a4006e7420636f6e666967206973204e554c66
:1063b4004c00696f74636c5f696e69743a20496e4e
:1063c40076616c696420696e7374616e63652063c1
:1063d4006f6e6669672074797065202564210000fa
:1063e400696f74636c5f696e69743a2044554944fb
:1063f400206973207265717569726564000000001c
:10640400696f74636c5f696e69743a2043504944e0
:1064140020697320726571756972656420666f7294
:106424002073686172656420696e7374616e63655c
:1064340020636f6e66696775726174696f6e0000c0
:10644400696f74636c5f696e69743a2043442069b0
:106454007320726571756972656420666f7220615c
:106464007a75726520696e7374616e636520636ffb
:106474006e66696775726174696f6e00696f7463c3
:106484006c5f696e69743a20486f73742069732075
:10649400726571756972656420666f7220617a75c0
:1064a400726520696e7374616e636520636f6e66d6
:1064b400696775726174696f6e00322e31002573dd
:1064c4002f25732f3f6170692d76657273696f6e26
:1064d4003d323031382d30362d33300064657669e5
:1064e4006365732f25732f6d657373616765732ff0
:1064f4006576656e74732f63643d257326763d322d
:106504002e31266d743d3000646576696365732fa2
:1065140025732f6d657373616765732f6576656e7b
:1065240074732f63643d257326763d322e31266db8
:10653400743d3600646576696365732f25732f6d2a
:10654400657373616765732f646576696365626fec
:10655400756e642f2300246177732f72756c6573d5
:106564002f6d73675f6432635f7270742f25732fae
:10657400322e312f3000246177732f72756c65735e
:106584002f6d73675f6432635f61636b2f25732fb5
:10659400322e312f3600696f742f25732f636d648b
:1065a40000000000696f74636c5f696e69743a205f
:1065b4004f7574206f66206d656d6f7279206572fa
:1065c400726f72207768696c6520616c6c6f6361af
:1065d40074696e6720746f70696320737472696e76
:0465e40067732100b8
:020000040000fa
:02000004008179
:1065e8001e7200000004e08323eb0582226bf5d4c1
:1065f80083eb0582e26af5d4a3ec0582a26af5d49e
:10660800bbed0582626af5d4e2effed40e0000c548
:10661800aaffffa600200e8362f6fed40e0000c576
:106628006e0000a643ee05824269f5d4cafeffaead
:1066380000010372017200004a6200d4623a01d478
:10664800021901d4f3c705824268f5d4c2000ee1ed
:10665800e21300d4004400000e0000c56a0000a642
:10666800c2000ee1c2fbffd4da0000aec2000ee1a8
:10667800c20800c1f01f0000f3c80582f01f000027
:10668800e23cf5d48f760000c2000ee18074f01f62
:106698009bc90582f01f0000223cf5d48f760000cc
:1066a800c2000ee142fefed4004400000e0000c508
:1066b8002a0100a689c00988f01f000023ca0582a4
:1066c800f01f0000c23af5d48f760000234e0080f8
:1066d800c2f600d4ea0900aec2000ee1d20c00c135
:1066e800f01f0000c3ca0582f01f00008239f5d4ec
:1066f8008f760000c2000ee1c202ffd40044000001
:106708000e0000c52a0100a689c00988f01f0000f4
:10671800c3cb0582f01f00002238f5d48f76000025
:10672800234e008022f400d44a0700ae0981038971
:10673800f01f000063cc0582f01f00000237f5d47b
:106748008f760000c9e3128840000ee14208fcd4ad
:10675800c9e3228880000ee15900108800040183f3
:10676800c9e3128840000ee16208fcd409000088e1
:106778000004e083030000804f00e0fd2a0400ae1f
:10678800c218ffd4c20f01d4200a200e00202ee523
:1067980002030000f67002c5620100ae82001ee12d
:1067a8000024e183c2000ee1820effd40044000001
:1067b8000e0000c58a0000a613cd0582a25cf5d4a0
:1067c800070000804f00e0fde2e1fed40e0000c5a6
:1067d8008a0100a64980218880000ee142e8fed4a3
:1067e8000e0000c5ea0000a6c2000ee1498021881b
:1067f80080001ee1d60b00d4006c018307000080e6
:106808004f00e0fd4b000efc004400000e0000c5e8
:106818006efbffa67af3ffae5e72300a8700e1fcda
:10682800f9e30f8f0004e083010000882700e0fcf3
:106838000a0400ae23000efc007e0000c2001ee128
:10684800002001e108200082007f000000201e8354
:10685800017100000004e083030000806f00e0fd88
:106868008a0100ae00200e83120000e9007b200a96
:1068780000200e831022220e01328880b561178015
:10688800126901710004e0836b000efc1a0000e03d
:106898006f00e0fd6b000efc7e0000c522feffae1f
:1068a80023001efc42000ee1120401e000201082c9
:1068b8002700e1fc23001efc83000efc103c0000b6
:1068c80086fbffaa00200e83007903720172000084
:1068d8003e72200ae30b0088210e000009000088a0
:1068e800622100d4200e000000201083114335805f
:1068f80045410280103d00004a0000a603000080c8
:106908002a0200ae200e00004963118810610000c1
:106918000024e183200e000009001088d70b01fd38
:10692800e30b0084200e000062f7ffd4100a200e4b
:1069380000201e83d70b01fd00201e83100e103d82
:106948001fc010f808000082037201728a3000d458
:10695800170ce0fd130c0efd1143358045411280e4
:1069680000040183130c0efd19001088170001fda7
:10697800130c0efd09001088d70b01fde30b0084f2
:10698800130c0efd82f4ffd410030000130c0efd4f
:10699800d70b01fd421200d4004400000e0000c5d0
:1069a8004a0000a603000080ea0100ae030c008044
:1069b8000004e08222000ee109802188f963108832
:1069c800c24bf5d422000ee189632188130c1efd09
:1069d800624af5d422000ee100202e821003000046
:1069e80009000088621100d4037201720e7200005f
:1069f8000900008851200094090000889121009422
:106a080009000088d122009409000088112400940c
:106a180009000088512500940900008891260094f7
:106a280009000088d12700942900008811290094c2
:106a3800f1ff0f800500008091200094f1ff0f8086
:106a480005000080d1210094f96300881123009487
:106a5800a1df09800500008051240094f9a3038870
:106a680091250094f9e20788d126009479e30188fa
:106a780011280094590000885129009409000088c1
:106a88009164039409000088d16603940900008882
:106a98001169039409000088516b03940900008868
:106aa800916d039409000088d16f03940900008850
:106ab8001172039409000088517403940900008836
:106ac800d1640394090000881167039409000088c1
:106ad8005169039409000088916b039409000088a8
:106ae800d16d03940900008811700394090000888f
:106af8005172039409000088917403940900008876
:106b08005164039409000088916603940900008881
:106b1800d168039409000088116b03940900008868
:106b2800516d039409000088916f0394090000884f
:106b3800d17103940900008811740394f9e30f8b51
:106b480011640394f1ff0f800500008051660394df
:106b580039000088116d039419000088516f03945f
:106b68001d2d03c0cb0000808130039c113c03988d
:106b7800310100ca0d0060ca113c039c2701008046
:106b8800a130039c71390398510100ca0d0060caf5
:106b98007139039c1d2d03c20001037201720000ac
:106ba8001e72000107c00080002000ff000070a2d4
:106bb800080000821e0000c54affffa607c000802b
:106bc800002000ff000050a21a0000e90044000065
:106bd8000804e083190003c108200e8203720172c1
:106be8000e72000001007f80850000805100039430
:106bf800150003c1190003c301000398310000ca3e
:106c08000d0030ca0100039c1d0003c382fcffd4a1
:106c1800037201728e72500a610a0000e700e2fcfa
:106c2800500e0000f20000e9003900008e0000a6b6
:106c3800e3000efcf20000e8003800004a0000a65d
:106c4800030000802a0600ae010000880004e082ec
:106c58004a0500ae00200e82007e000082011ee17f
:106c6800002001e142003ee10901208810030303ee
:106c78006235f5d442000ee10020008391000394b0
:106c880042000ee1130000fdd100039442000ee122
:106c9800230000fd1101039442000ee1330000fdc2
:106ca8005101039400200e82007e510e10610000f5
:106cb80001007f808500008001610000510003947d
:106cc800150003c1190003c301000398110000ca8d
:106cd8000d0030ca0100039c1d0003c302f6ffd457
:106ce800004400000e0000c54a0000a60300008012
:106cf800ca0000ae430000844024eee0e3000efc2e
:106d08000024feec66faffaa0700008003720172f5
:106d18004e72100a210a00006700e2fc42001ee1e0
:106d280001007f8085000080002001e10004e083ed
:106d380063000efc007e200300201e83200e00004e
:0c6d4800e22ef5d400010372017200007d
:020000040000fa
:02000004008179
:106d54004f4b000041542b4d515454433d382c2586
:106d6400640d0a0041542b4d515454433d372c2596
:106d7400640d0a0041542b4d515454433d312c228f
:106d84002573220d0a0041542b4d515454433d3276
:106d94002c25640d0a0041542b4d515454433d336a
:106da4002c222573220d0a0041542b4d5154544377
:106db4003d342c222573220d0a0041542b4d51548d
:106dc40054433d352c222573220d0a0041542b4d8a
:106dd400515454433d362c25640d0a0041542b4d27
:106de400515454433d31302c310d0a0041542b4d44
:106df400515454433d392c25640d0a007b5c2270a8
:106e040061796c6f61645c223a207b5c226d6f64f3
:106e1400656c49645c223a205c22756e7573656406
:106e24005c227d7d0000000064746d693a005c00a2
:106e340041542b415a555245433d312c222573224e
:106e44000d0a00004572726f7220696e20706172c3
:106e540073696e67206d6f64656c49440d0041541d
:106e64002b4d515454444953434f4e4e3d300d0a1b
:106e74000000000041542b4d515454434f4e4e3d9d
:106e8400310d0a0041542b4d515454434f4e4e3d45
:106e9400300d0a0041542b4d5154545055423d2558
:106ea400642c25642c25642c222573222c22257322
:106eb400220d0a0041542b4d5154545355423d2246
:106ec4002573222c300d0a0041542b4d5154545338
:106ed40055423d222573222c310d0a0041542b4d7d
:106ee4005154545355423d222573222c320d0a002d
:020000040000fa
:02000004008179
:106ef4004f4b000041542b4448435053433d302ce6
:106f0400312c300d0a0041542b4e45544946433d23
:106f1400302c34302c222573220d0a0041542b448a
:106f240048435053433d302c322c222573220d0a02
:106f34000000000041542b4448435053433d302c3f
:106f4400312c310d0a002b534f434b4f3a0041541f
:106f54002b534f434b4f3d322c340d0a000000009d
:106f6400256c750041542b534f434b424c3d256ccb
:106f7400752c25640d0a000041542b534f434b429a
:106f8400523d256c752c222573222c25640d0a0094
:106f940041542b534f434b424d3d256c752c257367
:106fa4002c25640d0a0041542b534f434b544c532e
:106fb4003d256c752c25640d0a0041542b534f4319
:106fc4004b4f3d312c340d0a0000000041542b532b
:106fd4004f434b434c3d256c750d0a0041542b53d4
:106fe4004f434b433d256c752c322c25640d0a0010
:106ff40041542b534f434b433d256c752c312c2569
:10700400640d0a0041542b544c53433d25642c31e8
:107014002c222573220d0a0041542b544c53433d1a
:1070240025642c322c222573220d0a0041542b5442
:107034004c53433d25642c332c222573220d0a0026
:1070440041542b544c53433d25642c342c2225733a
:10705400220d0a0041542b544c53433d25642c35d6
:107064002c222573220d0a0041542b544c53433dca
:1070740025642c362c222573220d0a0041542b54ee
:107084004c53433d25642c382c25640d0a00000024
:020000040000fa
:02000004008179
:107094002e72100a030000800804e083110e000021
:1070a40009000188016900394a0000a60700008030
:1070b4000804e08308200e82037201722e72100a03
:1070c400030000800804e083110e000009400088da
:1070d400016900394a0000a6070000800804e08323
:1070e40008200e82037201722e72100a03000080bf
:1070f4000804e083100e0000060000e900390000d7
:107104004a0000a6070000800804e08308200e82dd
:10711400037201722e72100a030000800804e083d7
:10712400100e0000020100e9003900004a0000a628
:10713400070000800804e08308200e8203720172b5
:107144001e7200000004e08300200e83007900001a
:10715400151a039001690000111a039400010372c7
:10716400017200000e720000111a03900372017282
:107174001e72000062ffffd40004e08300200e832f
:1071840062f8ffd40e0000c54a0000a60900018879
:1071940062fdffd400200e8302f9ffd40e0000c567
:1071a4004a0000a609400088a2fcffd400200e83f8
:1071b400a2f9ffd40e0000c54a0000a609200088e9
:1071c400e2fbffd400200e8342faffd40e0000c578
:1071d4004a0000a60901008822fbffd400010372c3
:1071e400017200000e72000009000088111a039455
:0871f4000001037201720000aa
:020000040000fa
:02000004008179
:1071fc000d0a0d0a3d3d3d20647350494333334124
:10720c004b3531324d5053353132202b20524e57a5
:10721c0046313120496f54436f6e6e656374205153
:10722c007569636b7374617274203d3d3d0d000094
:10723c004c6f616465642070726f766973696f6ef0
:10724c00656420636f6e66696720666f72204455b3
:10725c00494420222573220d0a00436f6e6e65632c
:10726c0074696e6720746f205769466920535349bf
:10727c004420222573222e2e2e0d0a0057694669b2
:10728c0020636f6e6e656374206661696c65642c37
:10729c00207265747279696e6720696e2025756d30
:1072ac00730d0a005769466920636f6e6e656374cf
:1072bc0065642e20436f6e6e656374696e6720740f
:1072cc006f20496f54436f6e6e656374204d51543b
:1072dc00542062726f6b657220222573222e2e2e23
:1072ec000d0a00004d51545420636f6e6e6563742b
:1072fc00206661696c65642c207265747279696ea4
:10730c006720696e2025756d730d0a00436f6e6ed4
:10731c0065637465642e2053656e64696e672074b2
:10732c00656c656d6574727920657665727920255a
:10733c006c756d732e0d0a005075626c6973682044
:10734c006661696c6564202d207265636f6e6e6575
:08735c006374696e670d000007
:020000040000fa
:02000004008179
:107364004e72200a310a310e200e000082a8fad48f
:107374000004e083090010884024feed4e0000a6be
:10738400090000882a0100ae00200e83020cf9d403
:10739400100a100e003900004e0000a609000088f3
:1073a4004a0000ae100e00008208fed4037201727f
:1073b4005e72200a310a420a200e00000900108879
:1073c40000040183410e300ea2a5fad40004e08328
:1073d400090010884024feedae0000a6200e000037
:1073e400090010880004018309000088aa0200ae85
:1073f40000200e83c208f9d4100a100e00390000d0
:10740400ae0000a6200e00000900108800040183cd
:10741400090000886a0100ae100e0000e204fed4e8
:107424001003200e00040183200e000000200083be
:10743400003900004e0000a6490000882a0000ae72
:1074440009000088037201724e72200a310a310e5b
:10745400200e000042a1fad40004e0830900108841
:107464004024feed8a0000a600200e83c26ffbd4e8
:10747400003900004e0000a6090000888a0100ae11
:1074840000200e834204f9d4100a100e00390000c3
:10749400ca0000a6100e0000082000820e0000c5dd
:1074a4004a0000a6100e00002a0000ae0900008861
:0474b40003720172ec
:020000040000fa
:02000004008179
:1074b800494f54434c205741524e205b25645d3a56
:1074c8002000696f74636c5f746f5f69736f5f74ba
:1074d800696d657374616d703a2042756666657290
:1074e800206973204e554c4c212054696d65737486
:1074f800616d70206e6f7420637265617465642eaf
:10750800000000000d00696f74636c5f746f5f6941
:10751800736f5f74696d657374616d703a2042753d
:107528006666657220746f6f20736d616c6c2120c4
:1075380054696d657374616d70206e6f7420637229
:1075480065617465642e000025592d256d2d25640f
:107558005425483a254d3a25532e3030305a0000ec
:10756800696f74636c5f746f5f69736f5f74696d63
:10757800657374616d703a204578706563746564ed
:10758800207374726674696d6520746f20726574f7
:1075980075726e2025642c2062757420676f7420c4
:1075a800256421003230323400000000696f7463b2
:1075b8006c5f746f5f69736f5f74696d6573746115
:1075c8006d703a2045787065637465642074696de0
:1075d800657374616d70206e65776572207468617b
:1075e8006e204a616e7561727920323032342c20f7
:0c75f80062757420676f742025732100f9
:020000040000fa
:02000004008179
:107604000e7200001d0700c3000103720172000026
:107614000e7200001d0700c1000103720172000018
:107624000e7200000900008851a10394090000882b
:1076340091a1039400010372017200000e72000014
:10764400010008800500008011a0039402feffd40d
:10765400829b00d442fdffd400010372017200003a
:107664000e7200000900008a51a0039407000080f4
:107674008102049c00010372017200000e7200007a
:10768400030000808102049c00010000d1a003904b
:10769400120000e9103900008effffa6890000885f
:1076a40091a0039400010372017200001e72000095
:1076b400030000800804e083d1a00390120000e9d5
:1076c400103900004e0000a6070000800804e08383
:1076d40008200e82037201720e7200008102049867
:1076e400037201720e7200000980008ad1a1039412
:1076f4008940008811a20394000103720172000002
:107704000e72000051a10390037201720e72000008
:1077140091a10390037201721e7200000900008897
:107724000004e083d5a00390196200880169000079
:107734000004e08300200e83037201720e720000c5
:0877440011a103900372017210
:020000040000fa
:02000004008179
:10774c0025733a20546865206d65737361676520f5
:10775c0068616e646c6520617267756d656e74200e
:10776c00697320726571756972656421000000008f
:10777c0025733a20546865207061746820617267c3
:10778c00756d656e742069732072657175697265ab
:10779c006421000025733a20706172656e745f6f0e
:1077ac00626a65637420616e64206c6561665f6eed
:1077bc00616d6520617265207265717569726564b1
:1077cc00210025733a2050617468202225732220f1
:1077dc0063616e6e6f742073746172742077697458
:1077ec006820222e2221000025733a2050617468f3
:1077fc0020222573222063616e6e6f742063616e8c
:10780c006e6f742068617665206d6f726520746888
:10781c00616e206f6e6520222e22210025733a2086
:10782c005061746820222573222063616e6e6f7420
:10783c0020656e64207769746820222e2221000056
:10784c0025733a204572726f723a202225732220da
:10785c006d75737420626520616e206f626a65635a
:10786c0074207479706520616e64206e6f74206171
:08787c002076616c75652100a6
:020000040000fa
:02000004008179
:107884004f4b000041542b5253540d0a000000008a
:1078940041542b54424c0d0a000000004154453021
:1078a4000d0a00002b474d493a0041542b474d49de
:1078b4000d0a00002b474d523a0041542b474d52bc
:1078c4000d0a00002b44493a0000000041542b44a7
:1078d400490d0a002b46533a322c312c000000008b
:1078e40041542b46533d322c310d0a002b46533a5a
:1078f400322c322c0000000041542b46533d322cd4
:10790400320d0a0041542b54494d452c330d0a00c5
:1079140041542b54494d453d312c256c750d0a00bd
:1079240041542b54494d453d322c256c750d0a00ac
:1079340041542b54494d453d332c222573220d0ac5
:10794400000000002b4e45544946433a0000000015
:1079540041542b4e45544946433d300d0a00415491
:107964002b534e5450433d322c310d0a000000007d
:1079740041542b534e5450433d332c222573220d36
:107984000a0041542b534e5450433d312c310d0abf
:10799400000000002b4d515454433a0041542b4de8
:1079a400515454430d0a00002b4d515454433a345e
:0479b40000000000cf
:020000040000fa
:02000004008179
:1079b8000e72000091ce0190037201720e720000e7
:1079c80051ce0190037201720e7200000900008806
:1079d80011ce01940900008851ce0194f1691880f4
:1079e8000500008091ce019403eb0582220500d4a6
:1079f800610900c0610c00c200010372017200003d
:107a08000e720000a20100d4610c00c009000088b9
:107a180011ce01940900008851ce0194f9e30f8f2b
:107a280091ce019400010372017200000e720000f1
:107a38001dce01c300010372017200000e72000026
:107a48001dce01c100010372017200001e72000008
:107a58000004e08300201e8395ce01940001037288
:107a6800017200001e7200000004e08300200e83f3
:107a7800080000827a0000e97a0010e98110009875
:107a88008e0300ed080001eb8110009c00010372d9
:107a9800017200001e7200000004e08309001088d3
:107aa8004024feed4a0000a600201e83950404949d
:107ab80000010372017200000e720001037201726c
:020000040000fa
:02000004008179
:107ac8000d0a4e6f742070726f766973696f6e65f8
:107ad80064207965742e0d004f6e20796f757220c1
:107ae80050433a2072756e20746f6f6c732f7072ea
:107af8006f766973696f6e5f726e776631315f6337
:107b08006572742e7079206f6e63652028524e5707
:107b180046313120636f6e6e65637465640d0000d5
:107b28006469726563746c7920746f2055534229b7
:107b38002c207468656e20746f6f6c732f70726f71
:107b4800766973696f6e5f6465766963655f636f95
:107b58006e6669672e707920616761696e7374203b
:107b6800746869730d00626f617264277320636fb4
:107b78006e736f6c6520706f72742e205761697414
:107b8800696e672e2e2e0d0050726f766973696fbd
:107b98006e696e67206661696c6564202d20776167
:107ba8006974696e6720666f722072657472792ec7
:047bb8002e2e0d0060
:020000040000fa
:02000004008179
:107bbc007600494f54434c204552524f52205b257e
:107bcc00645d3a2000000000556e61626c652074a3
:107bdc006f2070617273652070726f746f636f6c5d
:107bec002076657273696f6e2066726f6d20746893
:107bfc0065206d657373616765000d00322e310071
:107c0c00456e636f756e746572656420706f746514
:107c1c006e7469616c6c7920756e737570706f72af
:107c2c007465642070726f746f636f6c207665720c
:107c3c0073696f6e202573210000000063740000cf
:107c4c00556e61626c6520746f2070617273652073
:107c5c006d65737361676520747970652028226384
:107c6c0074222900494f54434c205741524e205bfb
:107c7c0025645d3a200052656365697665642075fc
:107c8c006e737570706f72746564206d657373615b
:0c7c9c0067652074797065202564000085
:020000040000fa
:02000004008179
:107ca8002b45434352445345523a00004f4b000082
:107cb80041542b45434352445345520d0a00415405
:107cc8002b4543435752444556545950453d256426
:107cd8000d0a00002b4543435244434552543a0091
:107ce80041542b4543435244434552543d25642c4b
:107cf80025640d0a00000000256c752c256c752c78
:107d0800257300002c0041542b4543435752534cd4
:107d18004f543d25642c25642c25642c25730d0aad
:107d28000000000041542b4543435752534c4f54d5
:107d38003d25642c25642c25642c25642c25730d85
:107d48000a0041542b4543435244534c4f543d255c
:107d5800642c25642c25640d0a0041542b454343ab
:107d68005244534c4f543d25642c25642c25642cd7
:087d780025640d0a0000000063
:020000040000fa
:02000004008179
:107d80004f4b000041542b575354413d310d0a00d5
:107d900041542b575354413d300d0a0041542b5749
:107da00041503d300d0a000041542b574150433d96
:107db000342c25640d0a000041542b574150433d9b
:107dc000352c25640d0a000041542b575354414370
:107dd0003d312c222573220d0a0041542b57535458
:107de00041433d332c222573220d0a0041542b5769
:107df000535441433d322c25640d0a0041542b5706
:107e00004150433d312c222573220d0a0000000011
:107e100041542b574150433d332c222573220d0ae8
:107e20000000000041542b574150433d322c256443
:107e30000d0a000041542b5741503d310d0a0000fe
:107e400041542b5753434e3d300d0a0041542b579c
:087e500053434e3d310d0a00c1
:020000040000fa
:02000004008179
:107e58004f54412055524c20686f73746e616d65a4
:107e68000000000054686520646f776e6c6f616471
:107e78002055524c206973206d697373696e6720b1
:107e8800746865206c656164696e67202268747423
:107e980070733a2f2f22000054686520646f776e44
:107ea8006c6f61642055524c20646f6573206e6f4f
:107eb800742061707065617220746f206265206340
:107ec8006f72726563746c7920666f726d61747419
:107ed800656400004f7574206f66206d656d6f7264
:107ee80079207768696c6520616c6c6f636174696f
:107ef8006e6720746865204f544120686f73746ef4
:0c7f0800616d6520737472696e67000083
:020000040000fa
:02000004008179
:107f1400574946495f535349440025730000000004
:107f2400574946495f50415353574f524400494fb4
:107f340054435f4350494400494f54435f454e56b0
:107f440000000000494f54435f44554944004d51db
:107f540054545f42524f4b45525f484f53540000b4
:107f64004d5154545f42524f4b45525f504f5254ff
:107f7400000000004d5154545f555345524e414d3d
:107f840045004d5154545f5055425f544f5049433e
:107f940000000000524e57465f43415f4e414d453d
:107fa40000000000524e57465f434552545f4e4115
:107fb4004d450000524e57465f4b45595f4e414d6b
:047fc4004500000074
:020000040000fa
:02000004008179
:107fc800696f74636c5f6d7174745f73656e645f01
:107fd80074656c656d657472793a204c696272617a
:107fe8007279206e6f7420636f6e6669677572654b
:107ff80064210000696f74636c5f6d7174745f73e2
:10800800656e645f74656c656d657472793a20702d
:1080180075625f72707420746f7069632069732071
:108028006e6f7420636f6e66696775726564210090
:10803800696f74636c5f6d7174745f73656e645f90
:1080480074656c656d657472793a206d7174745fce
:1080580073656e645f63622063616c6c6261636bfd
:10806800206973206e6f7420636f6e66696775721e
:04807800656421001a
:020000040000fa
:02000004008179
:10807c002d2d20494f54434c204d51545420436fc7
:10808c006e666967202d2d00436c69656e742049fe
:10809c0044202000557365726e616d6520202000b0
:1080ac00486f7374202020202020200050756220ff
:1080bc0052505420202020005075622041434b2008
:1080cc0020202000537562204332442020202000c1
:1080dc0043442020202020202020200046532043f1
:1080ec0072656473202020005653204372656473bc
:1080fc00202020005765625254432041524e2000ec
:10810c00747275650000000066616c7365005653ef
:10811c00204175746f53746172743a20257300009a
:020000040000fa
:02000004008179
:10812c00696f74636c5f6d7174745f73656e645f9b
:10813c006f74615f61636b3a204c69627261727932
:10814c00206e6f7420636f6e66696775726564214b
:10815c0000000000696f74636c5f6d7174745f7301
:10816c00656e645f6f74615f61636b3a20707562fa
:10817c005f61636b20746f706963206973206e6f2d
:10818c007420636f6e666967757265642100696f30
:10819c0074636c5f6d7174745f73656e645f6f7420
:1081ac00615f61636b3a206d7174745f73656e64ab
:1081bc005f63622063616c6c6261636b2069732026
:1081cc006e6f7420636f6e666967757265642100eb
:020000040000fa
:02000004008179
:1081dc00696f74636c5f6d7174745f73656e645feb
:1081ec00636d645f61636b3a204c69627261727992
:1081fc00206e6f7420636f6e66696775726564219b
:10820c0000000000696f74636c5f6d7174745f7350
:10821c00656e645f636d645f61636b3a2070756259
:10822c005f72707420746f706963206973206e6f55
:10823c007420636f6e666967757265642100696f7f
:10824c0074636c5f6d7174745f73656e645f636d82
:10825c00645f61636b3a206d7174745f73656e64f7
:10826c005f63622063616c6c6261636b2069732075
:10827c006e6f7420636f6e6669677572656421003a
:020000040000fa
:02000004008179
:10828c004f4b000041542b4d515454433d382c2539
:10829c00640d0a0041542b4d515454433d372c2549
:1082ac00640d0a0041542b4d515454433d312c2242
:1082bc002573220d0a0041542b4d515454433d3229
:1082cc002c25640d0a0041542b4d515454433d331d
:1082dc002c222573220d0a0041542b4d515454432a
:1082ec003d342c222573220d0a00000041542b4de5
:1082fc00515454433d352c222573220d0a00415410
:10830c002b4d515454433d362c25640d0a004d51d0
:10831c00545420636f6e6e6563742074696d65646c
:08832c00206f75740d000000c4
:020000040000fa
:02000004008179
:10833400646f776e6c6f61642055524c00000000ce
:1083440075726c7300000000746865202275726c8d
:108354007322206172726179206973206e6f7420b8
:10836400666f756e6420696e206332642072657373
:10837400706f6e736500417474656d7074696e67b7
:1083840020746f2061636365737320746865204f84
:1083940054412075726c206974656d206174206984
:1083a4006e6465782025642c206275742074686579
:1083b400726520617265206f6e6c79202564206976
:1083c40074656d7320696e207468652061727261d2
:0483d400790000002c
:020000040000fa
:02000004008179
:1083d800696f74636c5f74656c656d657472795fe1
:1083e8007365745f6e756c6c00000000696f746370
:1083f8006c5f74656c656d657472795f63726561d5
:1084080074653a204f7574206f66206d656d6f72c4
:1084180079206572726f72207768696c6520616c6b
:108428006c6f636174696e67206d657373616765ee
:108438002068616e646c65210000000025733a2095
:108448004f7574206f66206d656d6f727920657247
:08845800726f722100000000a8
:020000040000fa
:02000004008179
:10846000575354414149503a000000005741504190
:1084700049503a00575354414c443a0057535441e1
:108480004552523a00000000575354414c553a00af
:108490005753434e494e443a000000005753434e51
:1084a000444f4e453a0054494d453a004d515454bd
:1084b000434f4e4e3a00256c7520252a73004d51ce
:1084c00054545355423a00004d515454535542525e
:0484d000583a000016
:020000040000fa
:02000004008179
:1084d400696f74636c5f74656c656d657472795fe4
:1084e4006164645f6e65775f646174615f73657412
:1084f4000000000025733a205468652069736f5f9b
:1085040074696d657374616d7020617267756d65f2
:108514006e742069732072657175697265642100d7
:10852400696f74636c5f74656c656d657472795f93
:108534006164645f776974685f69736f5f74696da0
:0485440065000000ce
:020000040000fa
:02000004008179
:10854800696f74636c5f74656c656d657472795f6f
:10855800637265617465206661696c65640d00000d
:1085680072616e646f6d0000696f74636c5f74652f
:108578006c656d657472795f6372656174655f734c
:10858800657269616c697a65645f737472696e6734
:10859800206661696c65640d000000005075626cae
:0c85a80069736865643a2025730d0a00b1
:020000040000fa
:02000004008179
:1085b4002e7200002700e0fc421e00d40004e08379
:1085c40000010000e21d00d400201ee523000efc83
:1085d400007e103d66ffffaa0001037201720000d5
:1085e4002e7200002700e0fc23000efc107e000029
:1085f40049010088011500000004e0830001000027
:1086040000200e83120010e50004e183003900000d
:0c8614006effffa600010372017200005f
:020000040000fa
:02000004008179
:10862000633264206576656e742064617461206ec7
:10863000756c6c207768696c6520617474656d7009
:1086400074696e6720746f20676574207468652094
:10865000222573222076616c75650000496e636f78
:10866000727265637420633264206576656e74206f
:108670007479706520256421204578706563746580
:08868000642025642e000000b7
:020000040000fa
:02000004008179
:10868800b44a8100ec4a8100144b8100584b8100a8
:108698008c4b8100a84b8100f44b8100404c810039
:1086a800504c81000000000000000000604c810078
:1086b800ac4c8100dc4c8100d84d8100f04d81002c
:1086c800fc4d8100a84e81000c4d81000000000087
:1086d8000000000000000000000000000000000092
:0486e800000000008e
:020000040000fa
:02000004008179
:1086ec005c4f8100944f8100bc4f81000050810091
:1086fc0034508100505081009c508100e850810022
:10870c00f8508100000000000000000008518100ba
:10871c005451810084518100805281009852810013
:10872c00a452810050538100b4518100000000001c
:10873c00000000000000000000000000000000002d
:04874c000000000029
:020000040000fa
:02000004008179
:10875000696f74636c5f6d7174745f726563656972
:1087600076653a204c696272617279206e6f74206e
:10877000636f6e666967757265642100696f746303
:108780006c5f6d7174745f726563656976655f7740
:108790006974685f6c656e6774683a20746f70699d
:0887a000635f6e616d6500006e
:020000040000fa
:02000004008179
:1087a800494f54434c204552524f52205b25645d3b
:1087b8003a200000696f74636c5f69736f5f746956
:1087c8006d657374616d705f6e6f772063616c6c3b
:1087d80065642c206275742074696d652066756ef9
:1087e8006374696f6e206973206e6f7420636f6e97
:0887f800666967757265640093
:020000040000fa
:02000004008179
:1088000025642d25642d25645425643a25643a2574
:10881000645a00004661696c656420746f20706161
:108820007273652049534f2074696d657374616d6f
:108830007020737472696e6720222573222120458f
:108840007870656374656420666f726d6174206909
:088850007320222573220000b1
:020000040000fa
:02000004008179
:10885800454e44004552524f523a6d616c666f72f4
:108868006d6564206c696e650d004552524f523a31
:10887800756e6b6e6f776e206b65792025730d0aa8
:10888800000000004552524f523a666c61736820ee
:108898007772697465206661696c65640d004f4b79
:0488a8000d000000bf
:020000040000fa
:02000004008179
:1088ac005b53595354454d5d3a207375636365733f
:1088bc007320656e746572696e67206170702e2e00
:1088cc000d005b53595354454d5d3a5b25735d2048
:1088dc0074696d656f75742e2e0d0a00415420431a
:1088ec006f6d6d616e6420496e746572666163654f
:0488fc000000000078
:020000040000fa
:02000004008179
:10890000746d5f746f5f74696d655f745f757463b8
:108910003a2054696d6520737472756374206d75a7
:10892000737420737461727420617420313937312b
:1089300020616e6420757365207a65726f2d6261a7
:10894000736564206d2f642f792f682f6d2f73212d
:048950000000000023
:020000040000fa
:02000004008179
:108954000e720000910304901074000091030494bb
:1089640000010372017200000e720000e282ffd463
:10897400532506820289ffd4a285ffd40001037225
:10898400017200001e720000610c00c0e30001844b
:108994000024e183610c00c200200e830372017283
:1089a400030000faa26cffd4f21f0000c902049075
:1089b400800000ec03000088800011ee2f1d01727e
:1089c400030000faf01ff11ff21f000001a1039041
:1089d400f01f0000226bffd42f1d0000000022e4d2
:1089e400120022e4c90204942f1d1f1d0f1d0172e1
:020000040000fa
:02000004008179
:1089f4006a534f4e2070617273696e67206572729c
:108a04006f72206f7220706f737369626c65206f70
:108a14007574206f66206d656d6f72792065727252
:108a24006f72207768696c652070617273696e6714
:0c8a34003a2022252e2a732200000000a8
:020000040000fa
:02000004008179
:108a40004a534f4e2070617273696e67206572726f
:108a50006f72206f7220706f737369626c65206f24
:108a60007574206f66206d656d6f72792065727206
:108a70006f72207768696c652070617273696e67c8
:088a80003a20222573220000b8
:020000040000fa
:02000004008179
:108a8800494f54434c204552524f52205b25645d58
:108a98003a200000426f7468206d616c6c6f63202f
:108aa800616e6420667265652066756e6374696fb1
:108ab8006e73206d7573742062652070726f7669ad
:048ac800646564007d
:020000040000fa
:02000004008179
:108acc00640061636b00737400000000747970655e
:108adc00000000006d7367004f7574206f66206d89
:108aec00656d6f7279207768696c6520637265615a
:108afc0074696e67207468652061636b204a534ffc
:048b0c004e210000f6
:020000040000fa
:02000004008179
:108b1000696f74636c5f6765745f676c6f62616ccb
:108b20005f636f6e6669673a20496f74436f6e6e5c
:108b3000656374204c696272617279206973206e7a
:108b40006f7420636f6e66696775726564210000db
:020000040000fa
:02000004008179
:108b500025733a20456e636f756e74657265642087
:108b600061206e6f6e2d7072696e7461626c65202b
:108b70006368617261637465722030782578206162
:108b80007420706f736974696f6e20256400000033
:020000040000fa
:02000004008179
:108b900075726c0068747470733a2f2f00000000b7
:108ba0006e6f20646f776e6c6f61642055524c203d
:108bb000666f756e6420696e207468652075726cce
:0c8bc000735b5d20656e7472790000002c
:020000040000fa
:02000004008179
:108bcc00696f74636c5f6372656174655f73657202
:108bdc0069616c697a65645f737472696e670000b1
:108bec0025733a20546865206d6573736167652041
:0c8bfc00697320656d7074792100000021
:020000040000fa
:02000004008179
:108c08002d2d20494f54434c2044657669636520d7
:108c1800436f6e666967202d2d0044554944000056
:108c28004350494400000000434420200000000055
:088c3800486f73740000000096
:020000040000fa
:02000004008179
:108c4000696f74636c5f6d7174745f72656365697d
:108c500076655f776974685f6c656e6774683a20e3
:108c60004c696272617279206e6f7420636f6e66f8
:088c700069677572656421005b
:020000040000fa
:02000004008179
:108c78001e7200000004e08200201e826505049434
:108c8800030000fa00010372017200000e72000076
:108c980013660180f00200007366018051000094a1
:108ca80000010372017200000e720000811000982a
:108cb800110000ca0d0020ca8110009c0001037237
:108cc800017200000e72000081100098410000ca75
:108cd8000d0020ca8110009c00010372017200007f
:020000040000fa
:02000004008179
:108ce800696f74636c5f6332645f63726561746536
:108cf8005f636d645f61636b5f6a736f6e3a206177
:108d0800636b5f6964206973207265717569726548
:048d180064210000d2
:020000040000fa
:02000004008179
:108d1c00696f74636c5f6332645f63726561746501
:108d2c005f6f74615f61636b5f6a736f6e3a206132
:108d3c00636b5f6964206973207265717569726514
:048d4c00642100009e
:020000040000fa
:02000004008179
:108d5000647400006400494f54434c204552524f04
:108d600052205b25645d3a200000000025733a2004
:108d70004f7574206f66206d656d6f7279210000ec
:048d80000d000000e2
:020000040000fa
:02000004008179
:108d84000e7200001d0700c300010372017200008f
:108d94000e7200006296fed4a2e2fed40244ffd416
:108da40062e8fdd4c2feffd402f8ffd400010372ce
:048db4000172000048
:020000040000fa
:02000004008179
:108db800d0798100087a8100347a8100447a810070
:108dc800547a8100b8798100c47981006c7a810075
:088dd8009c7a810000000000fc
:020000040000fa
:02000004008179
:108de00041542b534f434b5752544f3d25642c2530
:108df000732c25642c25642c22252e2a73220d0a1f
:048e0000000000006e
:020000040000fa
:02000004008179
:108e0400696f74636c5f6d7174745f7265636569b7
:108e140076655f776974685f6c656e6774683a201d
:048e240073747200f1
:020000040000fa
:02000004008179
:108e28002225732220776173206e6f7420666f7518
:108e38006e6420696e2063326420726573706f6e91
:048e4800736500004e
:020000040000fa
:02000004008179
:108e4c00313031005b53595354454d5d3a2a205211
:108e5c006573657474696e67204e43202a200d007b
:020000040000fa
:02000004008179
:108e6c004f5441206f726967696e616c2066696c42
:108e7c00656e616d650066696c654e616d650000bf
:020000040000fa
:02000004008179
:108e8c006e756c6c000000002564000025312e31dd
:108e9c0035670000256c670025312e3137670000df
:020000040000fa
:02000004008179
:108eac00696f74636c5f74656c656d657472795f02
:0c8ebc007365745f6e756d626572000076
:020000040000fa
:02000004008179
:108ec800696f74636c5f74656c656d657472795fe6
:0c8ed8007365745f737472696e6700004c
:020000040000fa
:02000004008179
:108ee400696f74636c5f74656c656d657472795fca
:0c8ef4007365745f626f6f6c000000001b
:020000040000fa
:02000004008179
:108f00005769466920636f6e6e6563742074696d7e
:088f10006564206f75740d000b
:020000040000fa
:02000004008179
:108f180057616974696e6720666f7220524e5746b2
:088f28002e2e2e0d00000000aa
:020000040000fa
:02000004008179
:108f300041542b534f434b52443d256c752c2564b3
:088f40002c25640d0a0000005d
:020000040000fa
:02000004008179
:108f4800524e57465f53595354454d5f4d6f6475a4
:088f58006c655f496e6974004d
:020000040000fa
:02000004008179
:108f6000696f74636c5f6d7174745f72656365695a
:088f700076653a20737472006b
:020000040000fa
:02000004008179
:108f780041542b534f434b57523d256c752c257547
:048f88000d0a0000ce
:020000040000fa
:02000004008179
:108f8c004f54412055524c207265736f7572636556
:048f9c0000000000d1
:020000040000fa
:02000004008179
:108fa000f01f0000c2000fe500200083510404946c
:048fb0000f1d01721e
:020000040000fa
:02000004008179
:108fb40073772076657273696f6e000073770000b3
:020000040000fa
:02000004008179
:108fc40068772076657273696f6e000068770000b9
:020000040000fa
:02000004008179
:0c8fd40050524f564953494f4e000000c8
:020000040000fa
:02000004008179
:0c8fe00025733a20257300000d000000ee
:020000040000fa
:02000004008179
:0c8fec00636f6d6d616e6400636d640066
:020000040000fa
:02000004008179
:0c8ff80055524c20636f756e7400000031
:020000040000fa
:02000004008179
:0c90040025692e25692e2569000000005a
:020000040000fa
:02000004008179
:0c90100066616c73650074727565000089
:020000040000fa
:02000004008179
:08901c004f4b0d0a000000009b
:020000040000fa
:02000004008179
:089024004946204275737900f2
:020000040000fa
:02000004008179
:08902c004f54412055524c0045
:020000040000fa
:02000004008179
:0890340061636b204944000058
:020000040000fa
:02000004008179
:08903c007525303478000000b6
:020000040000fa
:02000004008179
:049044000d0a000011
:020000040000fa
:02000004008179
:049048000d2b0000ec
:020000040000fa
:02000004008179
:04904c00efbbbf00b7
:020000040000fa
:02000004008179
:04905000000100001b
:00000001FF
